time,values1_1,values1_2,values1_3,values1_4,values1_5,values1_6,values1_7,values1_8
0,0,-100,0,0,0,0,0,0
0.0001,0,-100,0,-0.01,0.000178558069817374,-0.0317343430717818,-1.16252519794578e-05,-3.79428046423013e-13
0.0002,0,-100,-1.83583686218048e-07,-0.0199673724761542,-1.82255856701918e-07,-0.0651765867846133,2.46912105687408e-08,-3.94897641935442e-12
0.0003,0,-100,-1.83396300668672e-07,-0.0299003614580061,-0.000178740305014842,-0.100302827541769,3.77214738834782e-05,-6.70220538798975e-12
0.0004,0,-100,3.74749858051619e-10,-0.0397972355514758,-0.000178512531193628,-0.137088089155049,5.20777073521987e-05,5.82188818337107e-12
0.0005,0,-100,1.83911615742406e-07,-0.0496562890416406,2.27647618596599e-07,-0.175506359281707,-8.59311569522058e-08,3.77950012450998e-11
0.0006,0,-100,1.83677560854697e-07,-0.0594758429580522,0.000178785651106112,-0.215530629995772,-8.37060301694586e-05,6.89385507537739e-11
0.0007,0,-100,-1.40112054310888e-10,-0.0692542460983416,0.000357162117640798,-0.257132933753985,-0.000201369711015569,6.58750384669495e-11
0.0008,0,-100,-3.67354756573065e-07,-0.0789898760148449,0.000535357684673078,-0.300284386108063,-0.000355600408287589,-1.83734228150487e-11
0.0009,0,-100,-9.17780381681833e-07,-0.0886811399573157,0.000356252234255438,-0.344955226512084,-0.000274095207125476,-2.29886658173405e-10
0.001,0,-100,-1.28405953364019e-06,-0.0983264757736804,0.000177329634221045,-0.391114860641098,-0.000155905081315092,-5.50225049193316e-10
0.0011,0,-100,-1.46638020925734e-06,-0.107924352767285,-1.40985272344217e-06,-0.438731903319882,1.40073247133771e-06,-9.32215651741545e-10
0.0012,0,-100,-1.46493067544316e-06,-0.117473272510003,-0.000179967235595623,-0.48777422219634,0.000200182662516794,-1.31305682454949e-09
0.0013,0,-100,-1.27989816169059e-06,-0.126971769610445,-0.000358344294536594,-0.538208981948265,0.000442728932076569,-1.61337451658236e-09
0.0014,0,-100,-9.1146806724838e-07,-0.13641841243671,-0.000536541977109888,-0.590002688935515,0.000731254393468808,-1.73630740410128e-09
0.0015,0,-100,-3.59824817132061e-07,-0.145811803793235,-0.000714561328267632,-0.643121236207742,0.00106789865378005,-1.56662145742831e-09
0.0016,0,-100,3.74848238005728e-07,-0.155150581551368,-0.000892403487457968,-0.697529948769561,0.00145472463414871,-9.69854621149332e-10
0.0017,0,-100,1.29236891903089e-06,-0.164433419233398,-0.00107006968568403,-0.753193629005413,0.00189371728064325,2.08507807278674e-10
0.0018,0,-100,2.39255631245974e-06,-0.173659026549885,-0.000890409668054876,-0.810076601959388,0.00170353087080226,2.10414159194793e-09
0.0019,0,-100,3.30802705692338e-06,-0.182826149890438,-0.000710933119657785,-0.86814276140725,0.00146483695550361,4.68034263408233e-09
0.002,0,-100,4.03896978549769e-06,-0.191933572767121,-0.000531640619706683,-0.927355614599443,0.00117563797112102,7.84178310036376e-09
0.0021,0,-100,4.58557372677474e-06,-0.200980116211854,-0.000352532827564144,-0.987678327589328,0.000834016255728099,1.14729513204869e-08
0.0022,0,-100,4.94802878726734e-06,-0.209964639127217,-0.000173610477689068,-1.04907377007038,0.000438134876692255,1.54373854081843e-08
0.0023,0,-100,5.12652562861891e-06,-0.21888603859115,5.12562934228719e-06,-1.1115045598345,-1.37616866467345e-05,1.95769392292484e-08
0.0024,0,-100,5.12125573558184e-06,-0.227743250115942,0.00018367998368057,-1.17493310677349,-0.000523343245416441,2.3711081071954e-08
0.0025,0,-100,4.93240597638003e-06,-0.236535247861988,0.000362058062641528,-1.23932165634886,-0.00109219591226465,2.76362260244545e-08
0.0026,0,-100,4.56015758775957e-06,-0.245261044806842,0.000540261344075816,-1.30463233243496,-0.00172182550041746,3.11251017085405e-08
0.0027,0,-100,4.00469028702095e-06,-0.253919692870227,0.000718291382998991,-1.37082717948406,-0.00241365476634309,3.39261466451466e-08
0.0028,0,-100,3.26618219268231e-06,-0.262510282995698,0.000896149808516098,-1.4378682039439,-0.00316902342710279,3.5762941809631e-08
0.0029,0,-100,2.34480974830469e-06,-0.271031945189707,0.00107383832075605,-1.50571741486173,-0.00398918831140695,3.63336754350629e-08
0.003,0,-100,1.24074764946914e-06,-0.279483848518939,0.00125135868782231,-1.57433686361492,-0.00487532364073829,3.53106410065787e-08
0.0031,0,-100,-4.58312261110137e-08,-0.287865201066785,0.00142871274276603,-1.64368868271212,-0.0058285214366614,3.23397683379631e-08
0.0032,0,-100,-1.51475588536584e-06,-0.29617524984993,0.00160590238058792,-1.71373512361273,-0.00684979205021445,2.70401875712304e-08
0.0033,0,-100,-3.16585728356198e-06,-0.304413280696052,0.0017829295553384,-1.78443859351647,-0.00794006480936139,1.90038258740643e-08
0.0034,0,-100,-4.99896838501431e-06,-0.312578618083701,0.00195979627743539,-1.85576169107864,-0.0091001887806279,7.79503652272466e-09
0.0035,0,-100,-7.01392422103998e-06,-0.320670624945453,0.00195778541694386,-1.92766724030107,-0.00946707002822861,-7.04001601049421e-09
0.0036,0,-100,-9.02681259978477e-06,-0.32868870243622,0.00177715539937627,-2.00011832544818,-0.00893875244875634,-2.56497084479019e-08
0.0037,0,-100,-1.0853987028437e-05,-0.336632289665665,0.00159671214351395,-2.07307832326676,-0.00834410130695499,-4.78343264921759e-08
0.0038,0,-100,-1.24956395252142e-05,-0.344500863397486,0.00141645680179642,-2.14651093261496,-0.0076821163702907,-7.33561844539242e-08
0.0039,0,-100,-1.39519632932096e-05,-0.352293937718239,0.00123639056015126,-2.22038020500024,-0.0069518780185859,-1.01950683391664e-07
0.004,0,-100,-1.52231527548223e-05,-0.360011063674761,0.00105651463294134,-2.29465057314022,-0.00615254625057535,-1.33325944115603e-07
0.0041,0,-100,-1.63094035809937e-05,-0.367651828882235,0.000876830257998972,-2.36928687824878,-0.00528335959534507,-1.67162472179686e-07
0.0042,0,-100,-1.72109127153364e-05,-0.375215857104192,0.000697338691568717,-2.44425439603424,-0.004343633932586,-2.03112854381181e-07
0.0043,0,-100,-1.79278783930658e-05,-0.38270280780579,0.00051804120333525,-2.51951886139934,-0.0033327612276288,-2.40801486277401e-07
0.0044,0,-100,-1.84605001548175e-05,-0.390112375681693,0.000338939071554735,-2.59504649183671,-0.00225020818648876,-2.79824330215817e-07
0.0045,0,-100,-1.88089788554608e-05,-0.397444290159903,0.000160033578296818,-2.67080400951657,-0.00109551483611389,-3.19748703342789e-07
0.0046,0,-100,-1.89735166680192e-05,-0.404698314882871,-1.86741710491218e-05,-2.74675866206665,0.000131706744957372,-3.60113095027125e-07
0.0047,0,-100,-1.89543169020172e-05,-0.411874247167258,-0.000197202685053058,-2.82287824205379,0.00143174919658504,-4.00427013748117e-07
0.0048,0,-100,-1.87515638374754e-05,-0.41897191744365,-0.000375566512354674,-2.89913110517356,0.00280483974930447,-4.40170867444069e-07
0.0049,0,-100,-1.83654267962952e-05,-0.425991188677588,-0.000553767785825093,-2.97548618712308,0.00425115357239157,-4.78795871370042e-07
0.005,0,-100,-1.7796072907476e-05,-0.432931955773236,-0.000731808678135464,-3.05191301920666,0.00577080023749037,-5.15723979218212e-07
0.0051,0,-100,-1.70436670661949e-05,-0.439794144961012,-0.000909691399320275,-3.1283817426809,0.0073638254905465,-5.50347840225346e-07
0.0052,0,-100,-1.6108371895392e-05,-0.446577713170469,-0.00108741819441807,-3.20486312185232,0.00903021306354263,-5.82030781874237e-07
0.0053,0,-100,-1.4990347709781e-05,-0.453282647389708,-0.00126499134119131,-3.28132855594637,0.0107698865211539,-6.10106817467662e-07
0.0054,0,-100,-1.36897524822042e-05,-0.45990896401259,-0.00144241314792695,-3.35775008976868,0.012582711137547,-6.33880677839238e-07
0.0055,0,-100,-1.22067418122488e-05,-0.466456708174984,-0.00161968595135416,-3.43410042318142,0.0144684957989756,-6.52627866448514e-07
0.0056,0,-100,-1.05414688970044e-05,-0.472925953081274,-0.00179681211505507,-3.51035291941924,0.0164269949311101,-6.65594737030275e-07
0.0057,0,-100,-8.69408450345424e-06,-0.479316799322318,-0.00197379402794366,-3.5864816122713,0.0184579104433167,-6.71998592849077e-07
0.0058,0,-100,-6.6647369424301e-06,-0.485629374186017,-0.00215063410250831,-3.66246121215701,0.0205608936826799,-6.71027806818285e-07
0.0059,0,-100,-4.45357204437461e-06,-0.491863830961641,-0.00232733477311898,-3.73826711112471,0.0227355473961101,-6.61841961835915e-07
0.006,0,-100,-2.06073313684373e-06,-0.498020348239019,-0.00250389849441794,-3.81387538680355,0.0249814276967234,-6.43572010559977e-07
0.0061,0,-100,5.13638976336105e-07,-0.504099129203655,-0.00268032773979371,-3.88926280534028,0.0272980460306716,-6.15320453836168e-07
0.0062,0,-100,3.2694060343419e-06,-0.51010040092884,-0.00285662499993768,-3.96440682335297,0.0296848711407595,-5.76161536990617e-07
0.0063,0,-100,6.20643233714395e-06,-0.516024413665741,-0.0030327927814824,-4.03928558893534,0.0321413310233495,-5.25141463201698e-07
0.0064,0,-100,9.32458476189565e-06,-0.521871440132466,-0.00320883360572076,-4.11387794174511,0.0346668148752166,-4.61278623167572e-07
0.0065,0,-100,1.26237327780065e-05,-0.527641774803035,-0.00338475000740479,-4.18816341221125,0.0372606750271864,-3.8356384029023e-07
0.0066,0,100,1.610374846098e-05,-0.533335733197166,-0.00338115991033287,-4.09692313573071,0.0363667977004964,-2.91028697162404e-07
0.0067,0,100,1.95800730015984e-05,-0.519123499876215,-0.00319848485020759,-3.92200123617955,0.0328570739050965,-1.83964473404739e-07
0.0068,0,100,2.28685809907039e-05,-0.505091111729177,-0.00301608625335183,-3.75274436261618,0.0295756812541846,-6.37388169285019e-08
0.0069,0,100,2.59695566727788e-05,-0.49123274428475,-0.00301292894840288,-3.58895618661126,0.0281839175809263,6.83528676889124e-08
0.007,0,100,2.90672861857971e-05,-0.477542774925835,-0.00318866790165143,-3.430449706801,0.0284346755365564,2.1172971715832e-07
0.0071,0,100,3.23457009228575e-05,-0.464015773299953,-0.0033642145233964,-3.2770467478205,0.0285806055440336,3.66468322531922e-07
0.0072,0,100,3.5804603139179e-05,-0.450646492244837,-0.00353956750889025,-3.12857749329293,0.0286280333929043,5.32627356206425e-07
0.0073,0,100,3.94437937485103e-05,-0.437429859194172,-0.00371472571954506,-2.98488004238559,0.0285830071354201,7.10226051222088e-07
0.0074,0,100,4.32630724939659e-05,-0.424360968039265,-0.00388968817641626,-2.845799996459,0.0284513137545456,8.99246623494592e-07
0.0075,0,100,4.72622381121629e-05,-0.411435071415698,-0.00406445405415076,-2.71119007145025,0.0282384947811742,1.09963658943922e-06
0.0076,0,100,5.14410884911351e-05,-0.398647573388509,-0.00423902267536488,-2.58090973420375,0.0279498609382582,1.31131098524379e-06
0.0077,0,100,5.57994208224676e-05,-0.385994022511275,-0.00441339350542089,-2.45482486110185,0.0275905058833069,1.5341544936569e-06
0.0078,0,100,6.03370317480597e-05,-0.373470105236174,-0.00458756614757309,-2.33280741747557,0.0271653191150186,1.76802348379678e-06
0.0079,0,100,6.50537175018987e-05,-0.36107163965366,-0.00476154033845762,-2.21473515639234,0.0266789981046226,2.01274796915108e-06
0.008,0,100,6.99492740471954e-05,-0.34879456954183,-0.00493531594390195,-2.10049133552455,0.026136059707777,2.26813348862746e-06
0.0081,0,100,7.50234972092116e-05,-0.336634958706884,-0.00510889295503211,-1.98996445090066,0.0255408509085489,2.53396291522632e-06
0.0082,0,100,8.02761828040855e-05,-0.324588985597336,-0.00528227148465807,-1.8830479864307,0.0248975589430589,2.80999819663978e-06
0.0083,0,100,8.57071267639404e-05,-0.312652938175744,-0.00545545176391863,-1.77964017818023,0.0242102208467651,3.09598203183191e-06
0.0084,0,100,9.13161252585438e-05,-0.300823209032803,-0.00562843413916959,-1.67964379244293,0.0234827324660629,3.39163948742499e-06
0.0085,0,100,9.71029748137674e-05,-0.289096290729613,-0.00580121906909959,-1.58296591673145,0.0227188569718571,3.69667955750123e-06
0.0086,0,100,0.000103067472427082,-0.277468771354833,-0.00597380712205997,-1.48951776287043,0.0219222329099987,4.01079667023038e-06
0.0087,0,100,0.000109209415680305,-0.265937330284291,-0.00614619897359583,-1.39921448143467,0.0210963818209421,4.33367214454784e-06
0.0088,0,100,0.000115528602849814,-0.254498734131375,-0.00631839540416663,-1.31197498682968,0.0202447154586557,4.66497559993528e-06
0.0089,0,100,0.000122024833014413,-0.243149832877265,-0.00649039729704575,-1.22772179236221,0.0193705426366863,5.0043663221953e-06
0.009,0,100,0.000128697906161037,-0.231887556170742,-0.00666220563638922,-1.14638085469458,0.0184770757273209,5.35149458796216e-06
0.0091,0,100,0.000135547623288478,-0.220708909787916,-0.00683382150546487,-1.06788142711935,0.0175674368379921,5.70600295055173e-06
0.0092,0,100,0.000142573786509287,-0.209610972242809,-0.00700524608503374,-0.992155921130576,0.0166446636874209,6.06752748962442e-06
0.0093,0,100,0.000149776199150006,-0.198590891540265,-0.00717648065187631,-0.919139775804127,0.0157117152024761,6.4356990270145e-06
0.0094,0,100,0.000157154665849895,-0.187645882063156,-0.00734752657745711,-0.848771334533801,0.0147714768553316,6.81014431096736e-06
0.0095,0,100,0.000164708992658279,-0.176773221586319,-0.00751838532672125,-0.780991728700911,0.0138267657592226,7.1904871709222e-06
0.0096,0,100,0.000172438987130659,-0.1659702484101,-0.00768905845701772,-0.715744767884336,0.0128803355399197,7.57634964488083e-06
0.0097,0,100,0.000180344458423719,-0.155234358606778,-0.00785954761714426,-0.65297683624485,0.011934880998957,7.96735308131358e-06
0.0098,0,100,0.000188425217389345,-0.144563003373517,-0.00802985454650933,-0.592636794742614,0.0109930425836516,8.36311921746956e-06
0.0099,0,100,0.000196681076667789,-0.13395368648586,-0.00819998107440729,-0.53467588886994,0.0100574106780318,8.76327123588133e-06
0.01,0,100,0.000205111850780086,-0.123403961846077,-0.00836992911940306,-0.479047661603069,0.00913052972795132,9.16743480078213e-06
0.0101,0,100,0.000213717356219831,-0.112911431121024,-0.00853970068882307,-0.425707871296798,0.00821490221288531,9.57523907608759e-06
0.0102,0,100,0.000222497411544445,-0.102473741464406,-0.0087092978783499,-0.374614414264575,0.00731299247619646,9.9863177265319e-06
0.0103,0,100,0.000231451837466017,-0.0920885833186475,-0.00887872287171783,-0.325727251804106,0.00642723042499905,1.04003099034923e-05
0.0104,0,100,0.00024058045694183,-0.0817536882917857,-0.00904797794050755,-0.279008341444853,0.00556001511015124,1.08168612169831e-05
0.0105,0,100,0.000249883095264684,-0.0714668271050557,-0.00921706544403802,-0.234421572209023,0.00471371819635273,1.1235624695252e-05
0.0106,0,100,0.000259359580153102,-0.0612258076070337,-0.00938598782935403,-0.191932703691881,0.00389068733182077,1.16562617333693e-05
0.0107,0,100,0.000269009741841526,-0.0510284728504159,-0.00955474763130848,-0.151509308780567,0.00309324942655561,1.20784430321564e-05
0.0108,0,100,0.000278833413170595,-0.0408726992276907,-0.00972334747273826,-0.113120719843064,0.0023237138477851,1.25018495287692e-05
0.0109,0,100,0.000288830429677606,-0.0307563946621358,-0.00989179006473322,-0.0767379782307082,0.00158437554079446,1.29261733202116e-05
0.011,0,100,0.00029900062968725,-0.0206774968507351,-0.010060078206998,-0.0423337869486263,0.000877518082998731,1.3351118581032e-05
0.0111,0,100,0.000309343854402725,-0.0106339715557566,-0.0102282147883062,-0.00988246635883692,0.000205416678799773,1.37764024764217e-05
0.0112,0,100,0.000319859947997306,-0.000623810941873755,-0.0103962027865708,0.0214895019175201,-0.000456358515321028,1.42017556560163e-05
0.0113,0,100,0.000330548757705997,0.00935409472219932,-0.0105640452558399,0.0543929619191542,-0.00118955562099898,1.46269100695126e-05
0.0114,0,100,0.000341410133903807,0.0192981708400491,-0.0107317452981578,0.0889881175014697,-0.00200176624166552,1.50515727285937e-05
0.0115,0,100,0.0003524439301551,0.0292066781023799,-0.0108993060541775,0.125250328567477,-0.00289481523359389,1.54754191200953e-05
0.0116,0,100,0.000363650003253286,0.0390779025335022,-0.0110667306995962,0.163153907567883,-0.00387043929202063,1.58980924232341e-05
0.0117,0,100,0.000375028213256857,0.0489101565682662,-0.011234022441674,0.202672157375695,-0.00493028563445932,1.63192028159927e-05
0.0118,0,100,0.000386578423521832,0.0587017800900546,-0.0114011845158063,0.243777410333615,-0.00607591084867733,1.67383268173119e-05
0.0119,0,100,0.00039830050073069,0.0684511414286292,-0.0115682201821563,0.286441068378693,-0.00730877990597892,1.71550066655496e-05
0.012,0,100,0.00041019431491783,0.0781566383167229,-0.0117351327223559,0.330633644147187,-0.00863026533996947,1.75687497336011e-05
0.0121,0,100,0.000422259739491648,0.0878166988043708,-0.0119019254362817,0.376324802961421,-0.0100416465905128,1.79790279810064e-05
0.0122,0,100,0.000434496651253294,0.0974297821300721,-0.0120686016389127,0.423483405599608,-0.0115441095121394,1.83852774433089e-05
0.0123,0,100,0.000446904930412196,0.106994379547978,-0.0122351646572763,0.472077551749119,-0.0131387460457187,1.8786897758857e-05
0.0124,0,100,0.000459484460598454,0.116509015110406,-0.0124016178274888,0.522074624043532,-0.0148265540517738,1.91832517331837e-05
0.0125,0,100,0.000472235128872178,0.125972246405072,-0.0125679644918959,0.573441332583997,-0.0166084373033981,1.95736649410253e-05
0.0126,0,100,0.000485156825729899,0.135382665246555,-0.012734207996318,0.626143759845963,-0.0184852056363276,1.9957425365985e-05
0.0127,0,100,0.000498249445108135,0.144738898321585,-0.0129003516874067,0.680147405873116,-0.0204575752533296,2.03337830777777e-05
0.0128,0,100,0.000511512884384252,0.154039607787869,-0.0130663989101146,0.73541723366155,-0.0225261691797011,2.07019499469341e-05
0.0129,0,100,0.000524947044374712,0.163283491826255,-0.0132323530052853,0.791917714638564,-0.024691517866309,2.10610993967824e-05
0.013,0,100,0.000538551829330851,0.172469285146135,-0.0133982173073645,0.849612874142228,-0.0269540599362755,2.14103661924623e-05
0.0131,0,100,0.000552327146932303,0.181595759444088,-0.0135639951422377,0.908466336809791,-0.0293141430710937,2.17488462666754e-05
0.0132,0,100,0.000566272908278192,0.190661723815863,-0.0137296898251953,0.96844137178526,-0.0317720250316649,2.20755965818135e-05
0.0133,0,100,0.000580389027876246,0.199666025121873,-0.0138953046590289,1.02950093765888,-0.0343278748094804,2.23896350280579e-05
0.0134,0,100,0.000594675423629944,0.208607548306495,-0.0140608429322603,1.091607727054,-0.0369817739029171,2.26899403569867e-05
0.0135,0,100,0.000609132016823841,0.217485216671517,-0.0142263079175034,1.1547242107796,-0.0397337177133948,2.29754521501793e-05
0.0136,0,100,0.000623758732107219,0.226297992104199,-0.0143917028699626,1.21881268146986,-0.0425836170559346,2.32450708222594e-05
0.0137,0,100,0.000638555497476182,0.23504487526046,-0.0145570310260654,1.28383529663543,-0.0455312997784827,2.34976576577705e-05
0.0138,0,100,0.000653522244254353,0.24372490570381,-0.0147222956022312,1.34975412105439,-0.0485765124842043,2.3732034881236e-05
0.0139,0,100,0.000668658907072302,0.252337162000685,-0.0148874997937762,1.41653116843433,-0.0517189223508215,2.39469857597136e-05
0.014,0,100,0.000683965423845849,0.260880761772962,-0.0150526467739519,1.48412844228083,-0.0549581190409571,2.41412547371165e-05
0.0141,0,100,0.00069944173575338,0.269354861708441,-0.0152177396931183,1.55250797591116,-0.0582936166973629,2.43135475995354e-05
0.0142,0,100,0.000715087787212307,0.277758657530203,-0.0153827816780494,1.62163187155584,-0.0617248560168414,2.4462531670763e-05
0.0143,0,100,0.000730903525854823,0.286091383925748,-0.015547775831369,1.69146233849479,-0.0652512063966349,2.45868360371915e-05
0.0144,0,100,0.00074688890250307,0.29435231443694,-0.0157127252311154,1.76196173017841,-0.068871968147029,2.46850518012214e-05
0.0145,0,100,0.000763043871143859,0.302540761311774,-0.0158776329304321,1.83309258028804,-0.0725863747639235,2.47557323622995e-05
0.0146,0,100,0.000779368388903079,0.310656075319075,-0.0160425019573819,1.90481763769438,-0.0763935952551381,2.4797393724673e-05
0.0147,0,100,0.000795862416019908,0.31869764552725,-0.0162073353148815,1.977099900276,-0.0802927365142705,2.48085148309305e-05
0.0148,0,100,0.000812525915820959,0.326664899048274,-0.0163721359807533,2.04990264756454,-0.0842828457359729,2.47875379203794e-05
0.0149,0,100,0.000829358854694481,0.334557300748108,-0.0165369069078905,2.1231894721865,-0.0883629128665944,2.4732868911293e-05
0.015,0,100,0.000846361202064724,0.342374352924792,-0.0167016510245328,2.19692431007613,-0.0925318730842357,2.46428778060452e-05
0.0151,0,100,0.000863532930366599,0.350115594955475,-0.0168663712346467,2.27107146943699,-0.0967886093023598,2.4515899118143e-05
0.0152,0,100,0.000880874015020715,0.357780602913668,-0.0170310704184092,2.34559565843407,-0.101131954691239,2.43502323201518e-05
0.0153,0,100,0.00089838443440892,0.365368989158027,-0.0171957514327878,2.42046201160176,-0.105560695211646,2.41441423115066e-05
0.0154,0,100,0.000916064169850445,0.372880401893978,-0.0173604171122136,2.49563611495658,-0.110073572155363,2.3895859905194e-05
0.0155,0,100,0.000933913205578725,0.380314524709535,-0.0175250702693435,2.57108402980704,-0.114669284687216,2.3603582332288e-05
0.0156,0,100,0.000951931528719018,0.387671076086624,-0.0176897136959058,2.64677231525651,-0.119346492383558,2.32654737633246e-05
0.0157,0,100,0.000970119129266883,0.394949808889283,-0.0178543501636241,2.72266804939792,-0.124103817762264,2.28796658454959e-05
0.0158,0,100,0.000988476000067617,0.402150509830059,-0.0180189824252167,2.79873884920268,-0.12893984879951,2.24442582546547e-05
0.0159,0,100,0.00100700213679671,0.409272998915969,-0.0181836132154641,2.87495288910878,-0.133853141428825,2.19573192611194e-05
0.016,0,100,0.0010256975379414,0.41631712887534,-0.0183482452523419,2.95127891831619,-0.138842222018072,2.14168863082823e-05
0.0161,0,100,0.00104456220478342,0.423282784566868,-0.0185128812382117,3.02768627680028,-0.143905589820246,2.08209666030275e-05
0.0162,0,100,0.00106359614138289,0.430169882372219,-0.0186775238610683,3.1041449100566,-0.1490417193942,2.01675377169792e-05
0.0163,0,100,0.00108279935456361,0.436978369573463,-0.0188421757958356,3.18062538259279,-0.154249062991594,1.9454548197612e-05
0.0164,0,100,0.00110217185389957,0.443708223716643,-0.019006839705707,3.25709889018568,-0.159526052906627,1.86799181882664e-05
0.0165,0,100,0.00112171365170293,0.450359451962734,-0.0191715182435269,3.33353727092388,-0.164871103785284,1.78415400561317e-05
0.0166,0,100,0.00114142476301334,0.456932090427255,-0.019336214053207,3.40991301505793,-0.170282614891093,1.69372790272706e-05
0.0167,0,100,0.0011613052055888,0.463426203509752,-0.0195009297711728,3.48619927368225,-0.175758972324585,1.596497382778e-05
0.0168,0,100,0.00118135499989792,0.469841883214356,-0.0196656680278373,3.56236986627454,-0.181298551193866,1.49224373301989e-05
0.0169,0,100,0.00120157416911376,0.476179248462582,-0.0198304314490955,3.63839928711994,-0.186899717733961,1.38074572042962e-05
0.017,0,100,0.00122196273910918,0.482438444399535,-0.0199952226578367,3.71426271064885,-0.192560831372757,1.26177965713899e-05
0.0171,0,100,0.00124252073845377,0.488619641694619,-0.0201600442754705,3.78993599571819,-0.19828024674163,1.13511946613711e-05
0.0172,0,100,0.00126324819841229,0.494723035837846,-0.0203248989234606,3.86539568886735,-0.204056315629012,1.00053674716285e-05
0.0173,0,100,0.00128414515294475,0.500748846432801,-0.0204897892248652,3.94061902658099,-0.209887388875396,8.57800842709194e-06
0.0174,0,100,0.00130521163870806,0.506697316487273,-0.0206547178058779,4.01558393659147,-0.21577181820844,7.06678904063717e-06
0.0175,0,100,0.00132644769505922,0.512568711702558,-0.0208196872973671,4.09026903825489,-0.221707958017052,5.4693595731169e-06
0.0176,0,100,0.00134785336406016,0.518363319762365,-0.0209847003364091,4.16465364203472,-0.22769416706351,3.7833496923092e-06
0.0177,0,-100,0.00136942869048411,0.524081449622258,-0.0209640798922566,4.16924820516729,-0.227734743925081,2.00642386189904e-06
0.0178,0,-100,0.00139098281609,0.509794855602479,-0.0207520775120226,3.99197899406236,-0.215447068654507,1.38891160465065e-07
0.0179,0,-100,0.00141231897239051,0.495690520134557,-0.0209038088569934,3.82045713911527,-0.207262828336252,-1.81503120398418e-06
0.018,0,-100,0.00143381113059926,0.481762534099795,-0.021055481072281,3.6544821396247,-0.19926508841044,-3.85181624690016e-06
0.0181,0,-100,0.00145545922992234,0.468005194523395,-0.0212070907643821,3.49386328958961,-0.191449984893038,-5.96826109156549e-06
0.0182,0,-100,0.00147726320607681,0.454412994504092,-0.0213586348792102,3.33841890949189,-0.183813859794979,-8.1612360457722e-06
0.0183,0,-100,0.00149922299163968,0.440980613933606,-0.0215101106889116,3.18797586282336,-0.176353251301815,-1.04276831352695e-05
0.0184,0,-100,0.00152133851638336,0.427702910713192,-0.0216615157794924,3.04236910329581,-0.169064884614079,-1.27646147157655e-05
0.0185,0,-100,0.00154360970759827,0.414574912435712,-0.0218128480392054,2.90144125055486,-0.16194566340157,-1.51691121598134e-05
0.0186,0,-100,0.00156603649040371,0.401591808503939,-0.02196410564765,2.76504219239255,-0.154992661828716,-1.76383246151594e-05
0.0187,0,-100,0.00158861878804728,0.388748942657848,-0.0221152870655412,2.63302871161148,-0.148203117111681,-2.0169467831358e-05
0.0188,0,-100,0.00161135652219402,0.376041805885536,-0.0222663910251078,2.50526413583837,-0.141574422571113,-2.27598230516724e-05
0.0189,0,-100,0.00163424961320549,0.363466029694197,-0.0224174165210821,2.38161800871699,-0.135104121147381,-2.54067359674785e-05
0.019,0,-100,0.0016572979804097,0.351017379719145,-0.0225683628022476,2.26196578103141,-0.128789899347799,-2.81076157325731e-05
0.0191,0,-100,0.00168050154236229,0.33869174965042,-0.0227192293635128,2.14618852042143,-0.122629581597832,-3.08599340349624e-05
0.0192,0,-100,0.00170386021709961,0.326485155457837,-0.0228700159384814,2.03417263845324,-0.116621124970471,-3.36612242238686e-05
0.0193,0,-100,0.00172737392238409,0.314393729896657,-0.0230207224924915,1.92580963390186,-0.110762614270053,-3.6509080489841e-05
0.0194,0,-100,0.00175104257594255,0.30241371727719,-0.0231713492161006,1.82099585118691,-0.105052257448663,-3.94011570960043e-05
0.0195,0,-100,0.00177486609569771,0.290541468482775,-0.0233218965189906,1.71963225298195,-0.0994883813349856,-4.23351676586062e-05
0.0196,0,-100,0.00179884439999351,0.278773436221535,-0.0234723650242732,1.62162420608971,-0.0940694276570606,-4.53088844751536e-05
0.0197,0,-100,0.00182297740781455,0.267106170498295,-0.0236227555631756,1.52688127974171,-0.0887939493418462,-4.83201378985437e-05
0.0198,0,-100,0.00184726503900003,0.255536314293874,-0.0237730691700872,1.43531705554207,-0.0836606070758454,-5.13668157557075e-05
0.0199,0,-100,0.00187170721445267,0.244060599439779,-0.0239233070779519,1.34684894833123,-0.0786681661122778,-5.44468628093869e-05
0.02,0,-100,0.00189630385634283,0.232675842677083,-0.0240734707139891,1.2613980372975,-0.0738154933114213,-5.75582802617668e-05
0.0201,0,-100,0.00192105488830827,0.221378941888941,-0.0242235616957294,1.17888890671182,-0.0691015544018084,-6.06991252987753e-05
0.0202,0,-100,0.00194596023564979,0.210166872496854,-0.0243735818273518,1.09924949570566,-0.0645254114509227,-6.38675106739542e-05
0.0203,0,-100,0.00197101982552315,0.199036684011386,-0.0245235330963104,1.02241095655232,-0.0600862205349584,-6.70616043308874e-05
0.0204,0,-100,0.00199623358712751,0.187985496728585,-0.0246734176702386,0.948307520950264,-0.0557832295980326,-7.02796290632511e-05
0.0205,0,-100,0.00202160145189068,0.177010498563884,-0.0248232378941214,0.87687637384119,-0.0516157764920216,-7.35198622116287e-05
0.0206,0,-100,0.00204712335365145,0.166108942015743,-0.0249729962877247,0.808057534328723,-0.0475832871889149,-7.67806353963044e-05
0.0207,0,-100,0.00207279922883927,0.155278141251711,-0.0251226955432761,0.741793743292895,-0.0436852741582555,-8.00603342853182e-05
0.0208,0,-100,0.00209862901665164,0.144515469310049,-0.0252723385233851,0.678030357323728,-0.0399213349028626,-8.33573983971324e-05
0.0209,0,-100,0.0021246126592292,0.133818355410394,-0.0254219282591995,0.616715248622898,-0.0362911506466234,-8.66703209373198e-05
0.021,0,-100,0.00215075010182907,0.12318428236735,-0.0255714679487887,0.557798710546386,-0.0327944851686892,-8.99976486687511e-05
0.0211,0,-100,0.00217704129299644,0.112610784101187,-0.0257209609557496,0.501233368483328,-0.0294311837789308,-9.33379818148086e-05
0.0212,0,-100,0.00220348618473477,0.102095443240167,-0.02587041080803,0.446974095786961,-0.026201172429995,-9.66899739952192e-05
0.0213,0,-100,0.00223008473267478,0.0916358888093175,-0.0260198211969636,0.394977934492835,-0.0231044569617602,-0.000100052332194147
0.0214,0,-100,0.00225683689624241,0.0812297940007034,-0.026169195976514,0.345204020577468,-0.0201411224744284,-0.000103423816760241
0.0215,0,-100,0.00228374263882601,0.0708748740205551,-0.0263185391627239,0.297613513527342,-0.017311332826897,-0.000106803241438394
0.0216,0,-100,0.00231080192794304,0.0605688840088041,-0.0264678549333657,0.25216953000383,-0.0146153302574492,-0.000110189473432995
0.0217,0,-100,0.0023380147354063,0.0503096170268227,-0.0266171476277924,0.208837081404246,-0.0120534351241721,-0.000113581433502532
0.0218,0,-100,0.00236538103749008,0.0400949021093596,-0.026766421746986,0.167583015132917,-0.00962604576286848,-0.00011697809608545
0.0219,0,-100,0.00239290081509635,0.0299226023768574,-0.0269156819538022,0.128375959408987,-0.00733363846057157,-0.000120378489457177
0.022,0,-100,0.00242057405392115,0.019790613204516,-0.0270649330734105,0.0911862714496933,-0.00517676754309901,-0.000123781695918338
0.0221,0,-100,0.00244840074462151,0.00969686044463046,-0.0272141800939292,0.0559859888791287,-0.00315606557540225,-0.000127186852014165
0.0222,0,-100,0.00247638088298297,-0.000360701301111441,-0.0273634281672551,0.0227487842231469,-0.00127224367377416,-0.000130593148785202
0.0223,0,-100,0.00250451447008797,-0.0103840903625464,-0.0275126826099231,-0.00869238575314111,0.000485745105896108,-0.000133999831966922
0.0224,0,-100,0.00253280151248512,-0.0203751533247512,-0.0276619488675254,-0.0409068016003218,0.00233021647373626,-0.000137406189185587
0.0225,0,-100,0.00256124202232189,-0.030333095178419,-0.0278112323321143,-0.0748225998159468,0.00434033910902506,-0.000140811481855458
0.0226,0,-100,0.00258983601728956,-0.0402561666548262,-0.0279605382376857,-0.110415573278044,0.0065164850167998,-0.000144214906824284
0.0227,0,-100,0.00261858352046075,-0.0501426433736942,-0.0281098717400873,-0.147660452973207,0.0088588861638472,-0.000147615594575051
0.0228,0,-100,0.00264748456020899,-0.0599908269349683,-0.0282592376560042,-0.186530943724675,0.0113676352003456,-0.00015101260913541
0.0229,0,-100,0.00267653916986011,-0.0697990459738629,-0.0284086407209292,-0.226999764372445,0.014042686719488,-0.000154404948042785
0.023,0,-100,0.00270574738760869,-0.0795656571745958,-0.0285580855016802,-0.26903868696009,0.0168838585393574,-0.00015779154236473
0.0231,0,-100,0.00273510925634468,-0.089289046243833,-0.0287075763957573,-0.31261857745571,0.0198908332395946,-0.000161171256773973
0.0232,0,-100,0.00276462482347928,-0.0989676288422657,-0.0288571176310655,-0.357709437394762,0.0230631599030107,-0.000164542889677549
0.0233,0,-100,0.00279429414077061,-0.108599851473373,-0.0290067132659988,-0.404280446346061,0.0264002560559341,-0.000167905173399325
0.0234,0,-100,0.0028241172641494,-0.118184192328525,-0.0291563671898852,-0.45230000510156,0.0299014098006204,-0.000171256774415132
0.0235,0,-100,0.00285409425354517,-0.127719162087674,-0.0293060831237851,-0.501735779490286,0.0335657821326262,-0.000174596293639655
0.0236,0,-100,0.00288422517271326,-0.13720330467501,-0.0294558646216395,-0.552554744716825,0.0373924094356451,-0.000177922266764151
0.0237,0,-100,0.00291451008906295,-0.146635197969017,-0.0296057150717617,-0.604723230125167,0.0413802061459398,-0.000181233164643995
0.0238,0,-100,0.0029449490734872,-0.156013454466516,-0.0297556376986642,-0.658206964289385,0.0455279675781678,-0.000184527393734993
0.0239,0,-100,0.00297554220019425,-0.165336721900342,-0.0299056355652144,-0.712971120333683,0.0498343729041023,-0.000187803296577316
0.024,0,-100,0.00300628954654141,-0.174603683810427,-0.0300557115751078,-0.768980361385572,0.054297988275478,-0.000191059152325886
0.0241,0,-100,0.00303719119287142,-0.183813060068152,-0.0302058684756513,-0.82619888606762,0.058917270081968,-0.000194293177325932
0.0242,0,-100,0.00306824722235162,-0.192963607353925,-0.0303561088608451,-0.884590473935002,0.0636905683350966,-0.000197503525732447
0.0243,0,-100,0.00309945772081641,-0.202054119588043,-0.0305064351747518,-0.944118530768249,0.0686161301687369,-0.000200688290172165
0.0244,0,-100,0.003130822776613,-0.211083428314988,-0.030656849715141,-1.00474613363293,0.0736921034467098,-0.000203845502446663
0.0245,0,-100,0.00316234248045105,-0.220050403041393,-0.0308073546373976,-1.06643607562057,0.078916540467918,-0.000206973134275154
0.0246,0,-100,0.00319401692525629,-0.228953951528008,-0.0309579519586802,-1.129150910188,0.0842874017593844,-0.000210069098075477
0.0247,0,-100,0.00322584620602836,-0.237793020036081,-0.0311086435623168,-1.19285299501516,0.0898025599475431,-0.000213131247781769
0.0248,0,-100,0.00325783041970324,-0.246566593528642,-0.0312594312024223,-1.25750453530473,0.0954598036981414,-0.000216157379697273
0.0249,0,-100,0.00328996966502041,-0.255273695827277,-0.0314103165087268,-1.32306762645014,0.101256841715147,-0.0002191452333807
0.025,0,-100,0.00332226404239492,-0.263913389725022,-0.0315613009915963,-1.38950429600202,0.107191306789129,-0.000222092492564548
0.0251,0,-100,0.00335471365379474,-0.272484777056119,-0.0317123860472341,-1.45677654486689,0.113260759885688,-0.000224996786103758
0.0252,0,-100,0.00338731860262329,-0.280986998723411,-0.0318635729630464,-1.52484638767522,0.119462694264619,-0.000227855688953071
0.0253,0,-100,0.00342007899360767,-0.289419234684227,-0.0320148629231574,-1.59367589226023,0.125794539620671,-0.000230666723171435
0.0254,0,-100,0.00345299493269242,-0.297780703895688,-0.0321662570140581,-1.66322721819228,0.132253666236929,-0.000233427358951804
0.0255,0,-100,0.00348606652693914,-0.306070664220381,-0.0323177562303747,-1.7334626543178,0.138837389142068,-0.000236135015674679
0.0256,0,-100,0.00351929388443207,-0.314288412293451,-0.0324693614807406,-1.80434465525561,0.145542972262928,-0.000238787062983711
0.0257,0,-100,0.00355267711418963,-0.322433283352157,-0.0326210735937564,-1.87583587680739,0.15236763256413,-0.000241380821881711
0.0258,0,-100,0.0035862163260822,-0.330504651029034,-0.0327728933240245,-1.94789921024312,0.159308544166723,-0.000243913565845421
0.0259,0,-100,0.00361991163075596,-0.338501927109788,-0.0329248213582412,-2.02049781542622,0.166362842438106,-0.000246382521957376
0.026,0,-100,0.00365376313956314,-0.34642456125715,-0.0330768583213339,-2.09359515274696,0.173527628045802,-0.000248784872053247
0.0261,0,-100,0.00368777096449849,-0.35427204070189,-0.0332290047826268,-2.16715501383683,0.180799970967956,-0.000251117753883019
0.0262,0,-100,0.00372193521814208,-0.362043889902248,-0.0333812612620236,-2.2411415510401,0.188176914453761,-0.000253378262284416
0.0263,0,-100,0.00375625601360856,-0.369739670173074,-0.0335336282361909,-2.3155193056229,0.195655478927348,-0.000255563450366978
0.0264,0,-100,0.00379073346450261,-0.377358979285958,-0.0336861061447298,-2.39025323470357,0.203232665829025,-0.000257670330705241
0.0265,0,-100,0.00382536768488093,-0.384901451041671,-0.0338386953963245,-2.46530873689178,0.210905461388107,-0.000259695876539467
0.0266,0,-100,0.00386015878922038,-0.392366754816253,-0.033991396374852,-2.54065167662751,0.218670840321914,-0.000261637022982424
0.0267,0,-100,0.00389510689239251,-0.399754595082064,-0.0341442094454437,-2.61624840721417,0.226525769455909,-0.000263490668230743
0.0268,0,-100,0.00393021210964428,-0.40706471090517,-0.034297134960486,-2.69206579254369,0.234467211260289,-0.000265253674779386
0.0269,0,-100,0.00396547455658495,-0.414296875420377,-0.0344501732655486,-2.76807122751439,0.242492127298712,-0.000266922870637825
0.027,0,-100,0.00400089434917908,-0.421450895285282,-0.0346033247052316,-2.84423265714571,0.250597481585206,-0.000268495050546548
0.0271,0,-100,0.00403647160374553,-0.428526610114667,-0.0347565896289185,-2.9205185943965,0.258780243845677,-0.00026996697719255
0.0272,0,-100,0.00407220643696237,-0.435523891896577,-0.0349099683964287,-2.99689813669666,0.267037392680785,-0.000271335382422499
0.0273,0,-100,0.00410809896587762,-0.442442644391395,-0.0350634613835589,-3.07334098120442,0.275365918627312,-0.000272596968452318
0.0274,0,-100,0.00414414930792569,-0.44928280251524,-0.035217068987505,-3.14981743880397,0.283762827115503,-0.000273748409071964
0.0275,0,-100,0.00418035758094932,-0.456044331708958,-0.0353707916321579,-3.22629844686079,0.292225141320192,-0.0002747863508442
0.0276,0,-100,0.00421672390322713,-0.462727227294019,-0.035524629773265,-3.30275558075382,0.300749904903882,-0.000275707414296246
0.0277,0,-100,0.00425324839350628,-0.469331513816537,-0.035678583903451,-3.37916106420606,0.309334184650247,-0.000276508195103194
0.0278,0,-100,0.00428993117104041,-0.475857244380684,-0.0358326545570934,-3.4554877784369,0.317975072986869,-0.00027718526526214
0.0279,0,-100,0.00432677235563261,-0.482304499972684,-0.0359868423150445,-3.53170927016124,0.326669690396327,-0.000277735174256024
0.028,0,-100,0.00436377206768316,-0.488673388776591,-0.0361411478091986,-3.60779975846218,0.335415187715025,-0.000278154450206212
0.0281,0,-100,0.00440093042824199,-0.494964045482992,-0.0362955717268969,-3.68373414056533,0.344208748319482,-0.000278439601012904
0.0282,0,-100,0.00443824755906577,-0.501176630591781,-0.0364501148151686,-3.75948799654448,0.353047590200042,-0.000278587115482491
0.0283,0,-100,0.00447572358267917,-0.50731132971009,-0.0366047778848042,-3.83503759298902,0.36192896792224,-0.000278593464441029
0.0284,0,-100,0.00451335862244051,-0.513368352846452,-0.0367595618142587,-3.91035988566506,0.370850174476319,-0.000278455101833055
0.0285,0,-100,0.00455115280261128,-0.519347933702227,-0.0369144675533819,-3.98543252120288,0.379808543015617,-0.000278168465804999
0.0286,0,-100,0.00458910624842953,-0.525250328961293,-0.0370694961269755,-4.06023383784398,0.388801448484784,-0.00027772997977249
0.0287,0,-100,0.004627219086187,-0.531075817578968,-0.037224648638175,-4.13474286528189,0.397826309138979,-0.000277136053470925
0.0288,0,100,0.00466549144330957,-0.536824700071097,-0.0373799262716554,-4.20893932363143,0.406880587955429,-0.000276383083988672
0.0289,0,100,0.00470392344844117,-0.522497297804201,-0.037129353090323,-4.03038014328625,0.386450907956307,-0.000275469252263858
0.029,0,100,0.00474209782786958,-0.508353480365307,-0.0368810178491074,-3.85761338136362,0.366846628084893,-0.000274400768992342
0.0291,0,100,0.00478001688252299,-0.494387292305147,-0.0366348187083542,-3.69043662545645,0.348035304391569,-0.000273185485879573
0.0292,0,100,0.00481768280862361,-0.480592986283872,-0.0363906591770027,-3.5286571236727,0.329986054864908,-0.000271830936998971
0.0293,0,100,0.00485509770318677,-0.466965013138631,-0.0361484477930436,-3.37209126056771,0.312669470123631,-0.000270344351163924
0.0294,0,100,0.00489226356919156,-0.45349801248998,-0.0359080978257069,-3.22056406667193,0.296057530006759,-0.000268732663709866
0.0295,0,100,0.00492918232044523,-0.440186803852556,-0.03566952699771,-3.07390875920083,0.280123525620998,-0.000267002527719822
0.0296,0,100,0.00496585578616196,-0.427026378217976,-0.0354326572260365,-2.93196631172809,0.264841986441096,-0.000265160324724665
0.0297,0,100,0.00500228571527527,-0.414011890080169,-0.0351974143798459,-2.79458505078021,0.250188612092244,-0.000263212174907283
0.0298,0,100,0.00503847378050136,-0.401138649875474,-0.0349637280542357,-2.66162027747233,0.23614020847397,-0.000261163946837995
0.0299,0,100,0.00507442158216996,-0.388402116811744,-0.0347315313586771,-2.53293391245272,0.222674627912537,-0.000259021266766778
0.03,0,100,0.00511013065183757,-0.375797892062504,-0.0345007607190508,-2.40839416255787,0.209770713053991,-0.000256789527496314
0.0301,0,100,0.00514560245569728,-0.363321712303838,-0.0342713556922914,-2.2878752077041,0.19740824423295,-0.000254473896858309
0.0302,0,100,0.00518083839779789,-0.350969443573184,-0.0340432587927307,-2.1712569066538,0.185567890073071,-0.000252079325814167
0.0303,0,100,0.00521583982308456,-0.338737075430666,-0.0338164153293053,-2.05842452039841,0.174231161094275,-0.000249610556199836
0.0304,0,100,0.00525060802027208,-0.326620715404805,-0.0335907732528574,-1.94926845199476,0.16338036611922,-0.000247072128133368
0.0305,0,100,0.00528514422456115,-0.314616583705735,-0.0333662830128212,-1.84368400177857,0.152998571287465,-0.000244468387102697
0.0306,0,100,0.00531944962020724,-0.302721008190084,-0.0331428974226395,-1.74157113695876,0.143069561500374,-0.000241803490750022
0.0307,0,100,0.00535352534295121,-0.290930419562749,-0.0329205715333103,-1.6428342746696,0.133577804133193,-0.000239081415368265
0.0308,0,100,0.00538737248231977,-0.279241346801727,-0.0326992625145053,-1.54738207762544,0.124508414862961,-0.000236305962124117
0.0309,0,100,0.00542099208380384,-0.267650412793039,-0.0324789295427457,-1.45512726158465,0.11584712547219,-0.000233480763021381
0.031,0,100,0.00545438515092185,-0.25615433016361,-0.0322595336961626,-1.36598641388692,0.107580253498574,-0.000230609286617498
0.0311,0,100,0.00548755264717488,-0.244749897300723,-0.0320410378553999,-1.2798798223807,0.0996946736104348,-0.000227694843505414
0.0312,0,100,0.00552049549789993,-0.233433994547355,-0.0318234066102545,-1.19673131410617,0.0921777905963902,-0.000224740591572263
0.0313,0,100,0.00555321459202713,-0.222203580563373,-0.0316066061716758,-1.11646810314425,0.0850175138656946,-0.000221749541045678
0.0314,0,100,0.00558571078374657,-0.211055688843163,-0.0313906042887769,-1.03902064708346,0.078202233363126,-0.000218724559337944
0.0315,0,100,0.00561798489408972,-0.199987424380832,-0.0311753701705306,-0.964322511595018,0.0717207968090774,-0.000215668375697651
0.0316,0,100,0.0056500377124304,-0.188995960474649,-0.0309608744118534,-0.892310242641832,0.0655624881817894,-0.000212583585677949
0.0317,0,100,0.00568186999790971,-0.178078535662867,-0.030747088923795,-0.822923245880129,0.0597170073644392,-0.000209472655430041
0.0318,0,100,0.00571348248078925,-0.167232450783547,-0.0305339868675751,-0.756103672842766,0.0541744508851474,-0.000206337925830058
0.0319,0,100,0.00574487586373641,-0.15645506615139,-0.0303215425922273,-0.691796313521549,0.0489252936828877,-0.000203181616447026
0.032,0,100,0.00577605082304568,-0.145743798845028,-0.0301097315756239,-0.629948494992106,0.0439603718368467,-0.000200005829359245
0.0321,0,100,0.00580700800979923,-0.13509612009852,-0.029898530368674,-0.570509985749166,0.0392708662009907,-0.000196812552825983
0.0322,0,100,0.00583774805097013,-0.124509552791228,-0.0296879165424999,-0.513432905442708,0.0348482868894959,-0.000193603664821049
0.0323,0,100,0.00586827155047133,-0.113981669030481,-0.0294778686384109,-0.458671639726508,0.0306844585623093,-0.000190380936434459
0.0324,0,100,0.0058985790901531,-0.103510087821798,-0.0292683661205045,-0.406182759950155,0.0267715064634447,-0.000187146035148085
0.0325,0,100,0.00592867123075183,-0.0930924728216687,-0.0290593893307388,-0.3559249474439,0.0231018431677214,-0.000183900527990886
0.0326,0,100,0.00595854851279256,-0.0827265301681916,-0.0288509194463276,-0.307858922162676,0.0196681559945231,-0.000180645884579024
0.0327,0,100,0.00598821145744779,-0.0724100063850686,-0.0286429384393217,-0.261947375471558,0.0164633950498171,-0.000177383480045915
0.0328,0,100,0.00601766056735464,-0.0621406863547087,-0.0284354290382468,-0.218154906869734,0.0134807618601515,-0.000174114597866994
0.0329,0,100,0.00604689632739266,-0.0519163913563888,-0.0282283746916798,-0.176447964463988,0.0107136985646407,-0.000170840432583759
0.033,0,100,0.00607591920542413,-0.0417349771656154,-0.0280217595336485,-0.136794789015668,0.00815587763308566,-0.000167562092431408
0.0331,0,100,0.00610472965299877,-0.0315943322110155,-0.0278155683507525,-0.0991653613973135,0.00580119208035709,-0.000164280601874213
0.0332,0,100,0.00613332810602474,-0.0214923757852483,-0.0276097865509049,-0.0635313533065753,0.00364374614901564,-0.000160996904052517
0.0333,0,100,0.00616171498540742,-0.0114270563065915,-0.0274044001336027,-0.0298660810957821,0.00167784643385693,-0.000157711863145122
0.0334,0,100,0.00618989069765759,-0.00139634962799634,-0.02719939566164,0.0018621536334853,-0.000102550626543101,-0.000154426266653444
0.0335,0,100,0.00621785563547068,0.00860173580701823,-0.0269947602170005,0.0337005635163178,-0.00186793623939136,-0.000151140833787064
0.0336,0,100,0.00624561017826047,0.0185670867223575,-0.0267904812312421,0.0672454910353474,-0.00374741786510248,-0.000147856274410598
0.0337,0,100,0.00627315469251859,0.0284979485694953,-0.0265865463537743,0.102472965838749,-0.00573599134506461,-0.000144573339509485
0.0338,0,100,0.00630048953203844,0.0383925914449161,-0.0263829434528868,0.139357947140178,-0.00782862614525047,-0.000141292823695212
0.0339,0,100,0.00632761503814028,0.0482493111906776,-0.0261796606282192,0.1778743608182,-0.0100202714739604,-0.000138015563191631
0.034,0,100,0.00635453153990904,0.0580664304568296,-0.0259766862226153,0.217995137747228,-0.012305862360701,-0.000134742433813234
0.0341,0,100,0.00638123935444442,0.0678422997244232,-0.0257740088333449,0.25969225326556,-0.0146803256838943,-0.000131474348937817
0.0342,0,100,0.00640773878712243,0.0775752982879408,-0.0255716173226822,0.30293676768435,-0.0171385861354122,-0.000128212257475955
0.0343,0,100,0.00643403013186791,0.0872638351960774,-0.0253695008278271,0.347698867739986,-0.0196755721102655,-0.000124957141839648
0.0344,0,100,0.00646011367143712,0.0969063501499026,-0.0251676487701625,0.393947908891275,-0.022286221510144,-0.000121710015912528
0.0345,0,100,0.00648598967771,0.106501314357535,-0.0249660508638377,0.441652458362193,-0.0249654874499103,-0.000118471923023921
0.0346,0,100,0.00651165841199112,0.116047231344561,-0.0247646971236739,0.490780338830543,-0.0277083438565736,-0.000115243933929054
0.0347,0,100,0.00653712012531882,0.125542637719541,-0.0245635778723861,0.541298672662918,-0.0305097909507361,-0.000112027144797658
0.0348,0,100,0.0065623750587818,0.134986103894024,-0.0243626837471217,0.593173926596596,-0.0333648606009814,-0.000108822675213139
0.0349,0,100,0.00658742344384239,0.144376234756636,-0.0241620057053137,0.646371956769717,-0.0362686215421865,-0.000105631666184472
0.035,0,100,0.00661226550266583,0.153711670300865,-0.0239615350298509,0.700858054001941,-0.0392161844492623,-0.000102455278172907
0.0351,0,100,0.00663690144845491,0.162991086206285,-0.023761263333568,0.756596989229112,-0.042202706858372,-9.92946891355057e-05
0.0352,0,100,0.00666133148578918,0.172213194373078,-0.0235611825630612,0.813553058996909,-0.0452233979282384,-9.61510925874774e-05
0.0353,0,100,0.00668555581096814,0.181376743409773,-0.0233612850018355,0.871690130920334,-0.048273523034721,-9.30256956852336e-05
0.0354,0,100,0.00670957461235759,0.190480519074251,-0.0231615632727923,0.930971689017905,-0.051348408192426,-8.99197173319782e-05
0.0355,0,100,0.00673338807073861,0.199523344668135,-0.0229620103400664,0.991360878831748,-0.0544434442977012,-8.68343863076142e-05
0.0356,0,100,0.00675699635965839,0.208504081384799,-0.0227626195102247,1.05282055224735,-0.057554091187965,-8.37709394246594e-05
0.0357,0,100,0.00678039964578228,0.217421628611282,-0.0225633844328386,1.1153133119294,-0.0606758815129064,-8.07306197117931e-05
0.0358,0,100,0.00680359808924648,0.226274924184528,-0.0223642991004435,1.17880155529325,-0.0638044244136995,-7.77146746265845e-05
0.0359,0,100,0.00682659184401064,0.235062944602415,-0.0221653578479023,1.24324751793451,-0.066935409006962,-7.47243542988707e-05
0.036,0,100,0.00684938105820982,0.24378470519012,-0.0219665553511877,1.30861331644259,-0.0700646076707765,-7.17609098061788e-05
0.0361,0,100,0.00687196587450521,0.252439260222484,-0.021767886625601,1.37486099052763,-0.0731878791306799,-6.88255914825053e-05
0.0362,0,100,0.00689434643043299,0.261025703003051,-0.0215693470234467,1.44195254439358,-0.0763011713440913,-6.59196472616858e-05
0.0363,0,100,0.00691652285875085,0.269543165900572,-0.0213709322311815,1.50984998729397,-0.0794005241822165,-6.30443210565087e-05
0.0364,0,100,0.00693849528778152,0.277990820343817,-0.0211726382660577,1.57851537321075,-0.082482071909013,-6.02008511746441e-05
0.0365,0,100,0.0069602638417529,0.286367876775586,-0.0209744614722829,1.64791083960025,-0.0855420454573305,-5.73904687723785e-05
0.0366,0,100,0.00698182864113418,0.294673584566884,-0.0207763985167166,1.71799864515438,-0.0885767745028655,-5.46143963470655e-05
0.0367,0,100,0.00700318980296761,0.302907231892274,-0.0205784463841255,1.78874120652901,-0.0915826893370615,-5.18738462691199e-05
0.0368,0,100,0.00702434744119534,0.311068145567469,-0.0203806023720222,1.86010113399548,-0.0945563225405723,-4.91700193543048e-05
0.0369,0,100,0.00704530166698098,0.319155690850264,-0.0201828640851071,1.93204126597507,-0.097494310459361,-4.65041034769789e-05
0.037,0,100,0.00706605258902539,0.327169271205966,-0.0199852294293397,2.0045247024205,-0.100393394485952,-4.38772722248934e-05
0.0371,0,100,0.0070866003138765,0.335108328038503,-0.0197876966056606,2.07751483701195,-0.103250422148759,-4.12906835960508e-05
0.0372,0,100,0.0071069449462325,0.342972340388427,-0.0195902641033896,2.1509753881396,-0.106062348012827,-3.874547873806e-05
0.0373,0,100,0.0071270865892384,0.350760824599066,-0.0193929306933216,2.22487042864811,-0.10882623439566,-3.62427807303458e-05
0.0374,0,100,0.00714702534477542,0.358473333952093,-0.0191956954205462,2.29916441432234,-0.111539251902193,-3.37836934094992e-05
0.0375,0,100,0.00716676131374298,0.366109458273809,-0.0189985575970124,2.37382221109756,-0.114198679783249,-3.13693002379821e-05
0.0376,0,100,0.00718629459633308,0.373668823513446,-0.0188015167938635,2.44880912098059,-0.116801906122155,-2.90006632163257e-05
0.0377,0,100,0.0072056252922968,0.381151091294825,-0.0186045728335646,2.52409090667244,-0.119346427854418,-2.66788218388999e-05
0.0378,0,100,0.00722475350120268,0.388555958442693,-0.0184077257818452,2.59963381488583,-0.121829850625647,-2.44047920932574e-05
0.0379,0,100,0.00724367932268686,0.395883156485089,-0.0182109759394804,2.6754045983548,-0.12424988849311,-2.21795655029959e-05
0.038,0,100,0.00726240285669469,0.403132451133082,-0.0180143238339321,2.75137053653652,-0.126604363476495,-2.00041082140184e-05
0.0381,0,100,0.00728092420371384,0.410303641739221,-0.017817770210872,2.82749945500871,-0.128891204963659,-1.78793601240094e-05
0.0382,0,100,0.00729924346499867,0.417396560736044,-0.0176213160256081,2.90375974356876,-0.131108448977238,-1.58062340548888e-05
0.0383,0,100,0.00731736074278568,0.42441107305598,-0.0174249624344341,2.9801203730438,-0.133254237308169,-1.37856149679494e-05
0.0384,0,100,0.00733527614050025,0.431347075533961,-0.0172287107859232,3.05655091082337,-0.13532681652223,-1.18183592213295e-05
0.0385,0,100,0.00735298976295428,0.438204496294075,-0.0170325626121847,3.13302153512892,-0.137324536845822,-9.90529386942309e-06
0.0386,0,100,0.00737050171653488,0.44498329412154,-0.0168365196201021,3.20950304803693,-0.139245850937235,-8.04721600377926e-06
0.0387,0,100,0.00738781210938412,0.451683457821286,-0.0166405836825714,3.28596688727451,-0.141089312549703,-6.24489213500002e-06
0.0388,0,100,0.00740492105156966,0.458305005564419,-0.0164447568297564,3.3623851368084,-0.142853575092561,-4.49905761509919e-06
0.0389,0,100,0.00742182865524646,0.46484798422379,-0.0162490412403778,3.43873053625035,-0.1445373900968,-2.8104160997465e-06
0.039,0,100,0.00743853503480952,0.471312468699899,-0.0160534392330518,3.51497648910377,-0.146139605591311,-1.17963904978168e-06
0.0391,0,100,0.00745504030703774,0.477698561238313,-0.0160385682088182,3.59109713550348,-0.149330020061435,3.92615889200615e-07
0.0392,0,100,0.00747153028968846,0.484006390672305,-0.0162043059869766,3.66706723722626,-0.154217177767412,1.90508249218651e-06
0.0393,0,100,0.00748819067489949,0.490236111783718,-0.0163699989222722,3.74286216475861,-0.159165396623837,3.35583145453245e-06
0.0394,0,100,0.00750502141656582,0.496387904677115,-0.0165356499549984,3.81845803641781,-0.16417325692363,4.74288660037748e-06
0.0395,0,100,0.00752202247160554,0.50246197401091,-0.0167012620208391,3.89383165916784,-0.169239328648446,6.06424797517927e-06
0.0396,0,100,0.00753919379995499,0.508458548289329,-0.0168668380518362,3.96896053051596,-0.174362173373761,7.31789241848484e-06
0.0397,0,100,0.00755653536456513,0.514377879152441,-0.0170323809773848,4.04382283946151,-0.179540346123043,8.5017741400487e-06
0.0398,0,100,0.00757404713139872,0.520220240665195,-0.0171978937252492,4.11839746653113,-0.184772397169535,9.61382529855638e-06
0.0399,0,100,0.00759172906942872,0.525985928606434,-0.0173633792225989,4.19266398293474,-0.190056873784347,1.06519565822326e-05
0.04,0,-100,0.00760958115063763,0.53167525975877,-0.0173410010696893,4.08995825768189,-0.184950957827556,1.16143766051143e-05
0.0401,0,-100,0.00762741022384805,0.517470187346242,-0.0171351861752646,3.9152622615106,-0.174604474379774,1.25027860375484e-05
0.0402,0,-100,0.00764502768938912,0.503444727846072,-0.0169302128915925,3.74622339595019,-0.164728267179316,1.33212608286126e-05
0.0403,0,-100,0.0076624344125592,0.489593064904552,-0.0167260443677447,3.5826457083961,-0.155302721746632,1.40737565658964e-05
0.0404,0,-100,0.00767963122076853,0.475909583635779,-0.0165226457907849,3.42434255591527,-0.146309156350816,1.47640483273828e-05
0.0405,0,-100,0.00769661890563458,0.462388861049949,-0.0163199842627168,3.27113610369191,-0.13772976832862,1.53957381653698e-05
0.0406,0,-100,0.00771339822495089,0.449025656997335,-0.016118028685786,3.12285685544948,-0.129547583924533,1.59722622382274e-05
0.0407,0,-100,0.00772996990453799,0.435814905595054,-0.0159167496555003,2.97934321356594,-0.121746411389312,1.64968976100848e-05
0.0408,0,-100,0.00774633463998431,0.422751707106099,-0.0157161193607852,2.84044106678254,-0.114310797096046,1.69727687372365e-05
0.0409,0,-100,0.00776249309828444,0.409831320242272,-0.0155161114907417,2.70600340357269,-0.107225984452677,1.74028536588482e-05
0.041,0,-100,0.00777844591938154,0.397049154864619,-0.0153167011475181,2.57588994938995,-0.10047787540781,1.77899899084197e-05
0.0411,0,-100,0.00779419371762017,0.38440076505684,-0.0151178647648468,2.44996682615299,-0.0940529943630482,1.81368801614292e-05
0.0412,0,-100,0.0078097370831153,0.371881842548789,-0.0149195800318336,2.32810623245254,-0.0879384543199875,1.84460976336113e-05
0.0413,0,-100,0.00782507658304308,0.359488210468772,-0.0147218258216233,2.2101861430817,-0.0821219251036127,1.87200912434339e-05
0.0414,0,-100,0.00784021276285819,0.347215817404767,-0.0145245821245908,2.09609002659743,-0.0765916035162292,1.89611905515007e-05
0.0415,0,-100,0.00785514614744246,0.335060731756041,-0.0143278299857405,1.9857065797189,-0.0713361852874225,1.91716104888368e-05
0.0416,0,-100,0.00786987724218928,0.323019136357832,-0.0141315514460161,1.87892947745771,-0.0663448386958836,1.9353455885293e-05
0.0417,0,-100,0.00788440653402746,0.311087323362944,-0.0139357294872521,1.77565713795739,-0.0616071797484244,1.95087258086364e-05
0.0418,0,-100,0.0078987344923887,0.299261689365113,-0.0137403479805135,1.67579250109512,-0.0571132488101841,1.96393177242698e-05
0.0419,0,-100,0.0079128615701218,0.287538730750012,-0.0135453916375949,1.57924281996809,-0.0528534885879842,1.97470314849411e-05
0.042,0,-100,0.00792678820435704,0.275915039260629,-0.0133508459654634,1.48591946445071,-0.0488187233760713,1.98335731592631e-05
0.0421,0,-100,0.00794051481732377,0.264387297764622,-0.0131566972234492,1.39573773606806,-0.0450001394801854,1.99005587073564e-05
0.0422,0,-100,0.00795404181712392,0.252952276212008,-0.0129629323830011,1.30861669348472,-0.0413892667420265,1.99495175114575e-05
0.0423,0,-100,0.00796736959846419,0.241606827772282,-0.0127695390898374,1.22447898795866,-0.0379779610918399,1.99818957688935e-05
0.0424,0,-100,0.00798049854334927,0.2303478851407,-0.0125765056283365,1.14325070815573,-0.0347583880620252,1.99990597544114e-05
0.0425,0,-100,0.00799342902173847,0.219172457004132,-0.0123838208880227,1.06486123376283,-0.0317230071994518,2.00022989584665e-05
0.0426,0,-100,0.00800616139216795,0.208077624657407,-0.0121914743320114,0.989243097377628,-0.0288645573185488,1.99928291077145e-05
0.0427,0,-100,0.00801869600234039,0.197060538761664,-0.0119994559672914,0.916331854188748,-0.0261760425412966,1.99717950736131e-05
0.0428,0,-100,0.0080310331896842,0.186118416236689,-0.0118077563167266,0.84606595899424,-0.023650719073965,1.99402736747258e-05
0.0429,0,-100,0.00804317328188393,0.175248537279694,-0.0116163663926715,0.778386650137447,-0.0212820826738923,1.98992763780249e-05
0.043,0,-100,0.00805511659738352,0.164448242503427,-0.0114252776720996,0.713237839968235,-0.019063856762767,1.98497519042136e-05
0.0431,0,-100,0.00806686344586398,0.153714930186904,-0.0112344820731538,0.650566011464478,-0.0169899811458077,1.97925887418284e-05
0.0432,0,-100,0.00807841412869702,0.143046053632431,-0.0110439719330304,0.590320120673624,-0.0150546012989408,1.97286175746406e-05
0.0433,0,-100,0.00808976893937585,0.132439118622926,-0.0108537399871186,0.532451504657365,-0.0132520581885781,1.96586136266487e-05
0.0434,0,-100,0.00810092816392463,0.121891680973889,-0.0106637793493205,0.476913794643947,-0.0115768785909051,1.95832989287378e-05
0.0435,0,-100,0.00811189208128757,0.11140134417467,-0.0104740834934816,0.423662834112766,-0.0100237658797328,1.95033445108846e-05
0.0436,0,-100,0.00812266096369907,0.100965757113948,-0.0102846462358681,0.372656601554553,-0.00858759125394065,1.94193725235982e-05
0.0437,0,-100,0.00813323507703576,0.0905826118846288,-0.0100954617186302,0.323855137667885,-0.00726338537737246,1.93319582921096e-05
0.0438,0,-100,0.00814361468115153,0.0802496416635992,-0.00990652439419568,0.277220476769017,-0.00604633040573863,1.92416323066587e-05
0.0439,0,-100,0.00815380003019655,0.0699646186619928,-0.00971782901054191,0.232716582207214,-0.00493175237665103,1.91488821520725e-05
0.044,0,-100,0.00816379137292117,0.0597253521418666,-0.00952937059729653,0.19030928559198,-0.00391511394036971,1.9054154379682e-05
0.0441,0,-100,0.00817358895296546,0.049529686495356,-0.00934114445262252,0.149966229651854,-0.00299200741018792,1.89578563244905e-05
0.0442,0,-100,0.00818319300913532,0.0393754993825816,-0.0091531461308448,0.11165681455692,-0.00215814811263074,1.88603578703745e-05
0.0443,0,-100,0.00819260377566585,0.0292606999247431,-0.00896537143077889,0.0753521475488584,-0.00140936801879892,1.87619931659827e-05
0.0444,0,-100,0.00820182148247271,0.0191832269490013,-0.00877781638472493,0.041024995733349,-0.000741609639261996,1.86630622938826e-05
0.0445,0,-100,0.00821084635539221,0.00914104728189628,-0.00859047724809278,0.00864974189996577,-0.000150920165897383,1.85638328954002e-05
0.0446,0,-100,0.00821967861641066,-0.000867845911810702,-0.00840335048923347,-0.0227472226121835,0.00039068060585849,1.84645421803436e-05
0.0447,0,-100,0.00822831848388332,-0.0108444584559391,-0.00821643285781855,-0.0557174353924084,0.000948213006541085,1.83654096210024e-05
0.0448,0,-100,0.00823676617282364,-0.0207871728222715,-0.00802972110451116,-0.0903783946389854,0.00152188513989971,1.82666580329864e-05
0.0449,0,-100,0.00824502189490428,-0.0306942506773398,-0.00784321223691141,-0.126705418443942,0.00210827141248981,1.81685166626289e-05
0.045,0,-100,0.0082530858587213,-0.04056397906427,-0.00765690343333817,-0.164672778914448,0.00270397936211345,1.80712198497661e-05
0.0451,0,-100,0.00826095826996961,-0.0503946714782068,-0.00747079204274976,-0.204253740096048,0.00330565334519296,1.7975005670563e-05
0.0452,0,-100,0.00826863933161852,-0.0601846689027477,-0.00728487558430547,-0.245420597064991,0.00390997811839595,1.78801145951068e-05
0.0453,0,-100,0.00827612924408662,-0.0699323408061845,-0.00709915174657534,-0.28814471609406,0.00451368230818464,1.77867881611986e-05
0.0454,0,-100,0.00828342820541607,-0.0796360860964483,-0.00691361838640657,-0.332396575794793,0.00511354176235641,1.76952676657318e-05
0.0455,0,-100,0.00829053641144551,-0.0892943340337548,-0.00672827352745553,-0.378145809137851,0.00570638277805097,1.76057928749973e-05
0.0456,0,-100,0.00829745405598164,-0.0989055451000458,-0.0065431153583953,-0.42536124625245,0.00628908520111958,1.75186007552046e-05
0.0457,0,-100,0.00830418133096883,-0.108468211824427,-0.00635814223080929,-0.474010957905334,0.00685858539218266,1.74339242244606e-05
0.0458,0,-100,0.00831071842665667,-0.117980859563905,-0.00617335265678217,-0.524062299559633,0.00741187905514163,1.73519909273889e-05
0.0459,0,-100,0.00831706553176491,-0.12744204723882,-0.00598874517493955,-0.575481955914135,0.00794602375023351,1.7273022033514e-05
0.046,0,-100,0.00832322283351084,-0.136850368022491,-0.00580431874137531,-0.62823598582401,0.00845814192486742,1.7197231060457e-05
0.0461,0,-100,0.00832919051803843,-0.146204449984676,-0.00562007233237746,-0.682289867504959,0.0089454228527087,1.71248227230681e-05
0.0462,0,-100,0.00833496877043915,-0.155502956688552,-0.00543600507231708,-0.737608543923765,0.00940512502032994,1.70559918093582e-05
0.0463,0,-100,0.00834055777490418,-0.164744587741027,-0.00525211622991376,-0.794156468279738,0.00983457822018385,1.69909220841386e-05
0.0464,0,-100,0.00834595771487284,-0.173928079296297,-0.00506840521427659,-0.851897649483261,0.0102311854900671,1.69297852212152e-05
0.0465,0,-100,0.00835116877317692,-0.183052204512633,-0.00488487157073525,-0.910795697539598,0.0105924248979858,1.68727397649121e-05
0.0466,0,-100,0.00835619113218077,-0.192115773962522,-0.00470151497647574,-0.970813868748345,0.0109158511717714,1.68199301216373e-05
0.0467,0,-100,0.00836102497391682,-0.20111763599632,-0.00451833523599551,-1.03191511063141,0.0111990971732234,1.67714855821415e-05
0.0468,0,-100,0.00836567048021648,-0.210056677059726,-0.00433533227639291,-1.09406210650507,0.0114398752169773,1.67275193750602e-05
0.0469,0,-100,0.00837012783283625,-0.218931821965419,-0.00415250614250607,-1.15721731961445,0.0116359782347026,1.66881277522635e-05
0.047,0,-100,0.00837439721357868,-0.227742034119328,-0.00396985699191601,-1.22134303675214,0.0117852807856336,1.66533891064806e-05
0.0471,0,-100,0.00837847880440837,-0.236486315702048,-0.00378738508982911,-1.28640141128537,0.0118857399148162,1.66233631216014e-05
0.0472,0,-100,0.00838237278756259,-0.24516370780602,-0.00360509080385382,-1.35235450552022,0.0119353958608243,1.65980899559976e-05
0.0473,0,-100,0.00838607934565654,-0.253773290529159,-0.0034229745986863,-1.41916433233423,0.0119323726150487,1.65775894591459e-05
0.0474,0,-100,0.00838959866178323,-0.26231418302567,-0.00324103703071964,-1.48679289601293,0.0118748783349984,1.65618604217763e-05
0.0475,0,-100,0.00839293091960768,-0.270785543514882,-0.00305927874259109,-1.55520223222916,0.0117612056143714,1.65508798597092e-05
0.0476,0,-100,0.00839607630345568,-0.27918656924898,-0.00287770045768131,-1.6243544471081,0.0115897316129499,1.65446023314896e-05
0.0477,0,-100,0.00839903499839673,-0.287516496440567,-0.00269630297457955,-1.69421175532475,0.0113589180496584,1.65429592898686e-05
0.0478,0,-100,0.00840180719032141,-0.295774600151059,-0.00251508716152828,-1.76473651718444,0.0110673110623816,1.65458584671289e-05
0.0479,0,-100,0.00840439306601297,-0.30396019414096,-0.00233405395086033,-1.83589127464102,0.0107135409383812,1.65531832941974e-05
0.048,0,-100,0.00840679281321325,-0.312072630683095,-0.00215320433344132,-1.90763878621132,0.0102963217193738,1.65647923534364e-05
0.0481,0,-100,0.00840900662068282,-0.320111300339956,-0.00197253935312974,-1.97994206074833,0.00981445068552971,1.65805188649543e-05
0.0482,0,-100,0.00841103467825551,-0.328075631706317,-0.00179206010126648,-2.05276439003966,0.00926680772283917,1.66001702062283e-05
0.0483,0,-100,0.00841287717688719,-0.335965091118339,-0.0016117677112052,-2.12606938020162,0.00865235457844701,1.66235274647862e-05
0.0484,0,-100,0.00841453430869901,-0.343779182330391,-0.00143166335289459,-2.19982098184323,0.0079701340087028,1.66503450236474e-05
0.0485,0,-100,0.00841600626701496,-0.351517446160866,-0.00125174822761636,-2.27398351897814,0.00721926882533208,1.66803501791918e-05
0.0486,0,-100,0.00841729324639415,-0.359179460108261,-0.0010720235630556,-2.34852171666647,0.00639896084582235,1.67132427911328e-05
0.0487,0,-100,0.00841839544265791,-0.366764837938847,-0.000892490608278285,-2.42340072737187,0.00550848975076558,1.67486949642496e-05
0.0488,0,-100,0.00841931305291182,-0.374273229247235,-0.000713150628708465,-2.49858615602289,0.00454721185356353,1.6786350761366e-05
0.0489,0,-100,0.00842004627556248,-0.381704318991176,-0.00053400490120506,-2.57404408377135,0.00351455878813061,1.68258259470594e-05
0.049,0,-100,0.00842059531032927,-0.389057827001932,-0.000355054709245754,-2.64974109044336,0.00241003611978021,1.68667077615753e-05
0.0491,0,-100,0.00842096035825121,-0.396333507471571,-0.000176301338224737,-2.72564427568243,0.00123322188448948,1.69085547243985e-05
0.0492,0,-100,0.00842114162168887,-0.403531148418515,2.25393175779806e-06,-2.80172127878659,-1.6234934938436e-05,1.69508964668969e-05
0.0493,0,-100,0.00842113930431895,-0.410650571132699,0.000180627288598008,-2.87794029725014,-0.00133859347444037,1.69932335939056e-05
0.0494,0,-100,0.00842095359317463,-0.41769162960166,0.00035883635487019,-2.95427010402243,-0.00273404162958455,1.70350375782239e-05
0.0495,0,-100,0.00842058465717054,-0.424654209918893,0.000536883271058672,-3.03068006345718,-0.00420272023033716,1.70757506832864e-05
0.0496,0,-100,0.00842003266302057,-0.431538229675793,0.000714770216534198,-3.10714014600254,-0.00574470552388541,1.71147859081666e-05
0.0497,0,-100,0.00841929777519789,-0.438343637338507,0.000892499407153803,-3.18362094164348,-0.00736001096936104,1.71515269580239e-05
0.0498,0,-100,0.00841838015589746,-0.445070411610957,0.00107007309293864,-3.26009367211005,-0.00904858906939797,1.718532823973e-05
0.0499,0,-100,0.00841727996500087,-0.451718560785316,0.00124749355583137,-3.33653020187196,-0.010810333233708,1.7215514881946e-05
0.05,0,-100,0.00841599736004358,-0.45828812208118,0.00142476310753449,-3.41290304794157,-0.0126450796699698,1.72413827789062e-05
