t,Ud,Uq,Psi_d,Psi_q,Id,Iq
0.1,129.6,0.0,0.0,0.0,0.0,0.0
0.10010000000000001,129.6,0.0,0.012919457064761594,0.0,-0.004448912403821914,0.0
0.10020000000000001,129.6,0.0,0.025842722202079407,0.0,-0.0074076526010653015,0.0
0.1003,129.6,0.0,0.03876469662856137,0.0,-0.0019381573330613808,0.0
0.1004,129.6,0.0,0.05167283264029346,0.0,0.019511521732721523,0.0
0.1005,129.6,0.0,0.0645612487752696,0.0,0.03642193013567208,0.0
0.10060000000000001,129.6,0.0,0.07743491408918027,0.0,0.04820555432278079,0.0
0.10070000000000001,129.6,0.0,0.09029362310650688,0.0,0.06551566394920418,0.0
0.1008,129.6,0.0,0.10313534967853824,0.0,0.0812406536299524,0.0
0.1009,129.6,0.0,0.11595676731789825,0.0,0.10502161235404932,0.0
0.101,129.6,0.0,0.12875531135530655,0.0,0.12573552458944376,0.0
0.10110000000000001,129.6,0.0,0.14154125047817903,0.0,0.12954132057094694,0.0
0.1012,129.6,0.0,0.1543230545615289,0.0,0.1337792096356151,0.0
0.1013,129.6,0.0,0.16710075772039906,0.0,0.1375186433347327,0.0
0.1014,129.6,0.0,0.17987043646968115,0.0,0.14938869125118462,0.0
0.1015,129.6,0.0,0.19262311642899863,0.0,0.1705855371077391,0.0
0.10160000000000001,129.6,0.0,0.20535848957977237,0.0,0.18305475812161787,0.0
0.1017,129.6,0.0,0.21808157082502524,0.0,0.19449636458263028,0.0
0.1018,129.6,0.0,0.23079326555531426,0.0,0.20520437474363218,0.0
0.1019,129.6,0.0,0.24349369082401323,0.0,0.2164182831457865,0.0
0.10200000000000001,129.6,0.0,0.25617800198787744,0.0,0.2365503348929843,0.0
0.10210000000000001,129.6,0.0,0.26884089307093445,0.0,0.25808569230460315,0.0
0.1022,129.6,0.0,0.2814836868593374,0.0,0.2756445944746179,0.0
0.1023,129.6,0.0,0.2941143830394514,0.0,0.28161856311658345,0.0
0.1024,129.6,0.0,0.30673435062495397,0.0,0.29651439162428833,0.0
0.10250000000000001,129.6,0.0,0.3193310775636918,0.0,0.3268274279466749,0.0
0.10260000000000001,129.6,0.0,0.3319051793447668,0.0,0.3405259763658503,0.0
0.1027,129.6,0.0,0.34446882777817717,0.0,0.347161801012065,0.0
0.1028,129.6,0.0,0.3570247197632221,0.0,0.3556142064509233,0.0
0.1029,129.6,0.0,0.36957222836383025,0.0,0.36346957840125865,0.0
0.10300000000000001,129.6,0.0,0.3821072461907447,0.0,0.3799118822108893,0.0
0.10310000000000001,129.6,0.0,0.3946279519439656,0.0,0.3913101377282093,0.0
0.1032,129.6,0.0,0.40713908727077375,0.0,0.39852875283591993,0.0
0.1033,129.6,0.0,0.41963687004087746,0.0,0.41728419676776024,0.0
0.1034,129.6,0.0,0.4321156634176468,0.0,0.43546786753226147,0.0
0.10350000000000001,129.6,0.0,0.44457777177160895,0.0,0.4497407350221024,0.0
0.10360000000000001,129.6,0.0,0.45702377316377146,0.0,0.46679993269363723,0.0
0.1037,129.6,0.0,0.46945055674582353,0.0,0.48712417741968106,0.0
0.1038,129.6,0.0,0.4818538039592264,0.0,0.512584050477664,0.0
0.1039,129.6,0.0,0.49423986745327864,0.0,0.5205508050546077,0.0
0.10400000000000001,129.6,0.0,0.5066181852419552,0.0,0.5276513827635385,0.0
0.1041,129.6,0.0,0.5189787210760112,0.0,0.5551411497637713,0.0
0.1042,129.6,0.0,0.5313146430998142,0.0,0.5755313936746096,0.0
0.1043,129.6,0.0,0.5436310540492666,0.0,0.593095064383326,0.0
0.1044,129.6,0.0,0.5559348821880478,0.0,0.6000081043519647,0.0
0.10450000000000001,129.6,0.0,0.568234095689325,0.0,0.6020716873346731,0.0
0.1046,129.6,0.0,0.5805210317111196,0.0,0.6238908695782652,0.0
0.1047,129.6,0.0,0.592789575877009,0.0,0.6378484424312187,0.0
0.1048,129.6,0.0,0.6050500989857784,0.0,0.6394938298058137,0.0
0.10490000000000001,129.6,0.0,0.6173035850695927,0.0,0.6515372142294241,0.0
0.10500000000000001,129.6,0.0,0.6295358961106327,0.0,0.6806845787657456,0.0
0.1051,129.6,0.0,0.6417384100656516,0.0,0.7094999915949274,0.0
0.1052,129.6,0.0,0.6539222584588331,0.0,0.7169937602883591,0.0
0.1053,129.6,0.0,0.6660974560015215,0.0,0.7263280572925426,0.0
0.10540000000000001,129.6,0.0,0.6782562554466206,0.0,0.7488921573031493,0.0
0.10550000000000001,129.6,0.0,0.6903971594022725,0.0,0.7611392556071406,0.0
0.1056,129.6,0.0,0.7025222016240437,0.0,0.7797471928900517,0.0
0.1057,129.6,0.0,0.7146216337927026,0.0,0.8109572077991916,0.0
0.1058,129.6,0.0,0.7266974958161767,0.0,0.8255970144752459,0.0
0.10590000000000001,129.6,0.0,0.7387595575333488,0.0,0.8378022516801548,0.0
0.10600000000000001,129.6,0.0,0.7508084599520138,0.0,0.8511951380337109,0.0
0.1061,129.6,0.0,0.7628469812989396,0.0,0.8579960300118419,0.0
0.1062,129.6,0.0,0.7748737155569033,0.0,0.8741239711690609,0.0
0.1063,129.6,0.0,0.7868834284369899,0.0,0.8911068629184447,0.0
0.10640000000000001,129.6,0.0,0.7988785243107294,0.0,0.9025577006971324,0.0
0.10650000000000001,129.6,0.0,0.810862299030476,0.0,0.9131293361208156,0.0
0.1066,129.6,0.0,0.8228293151951089,0.0,0.9351572776604118,0.0
0.1067,129.6,0.0,0.8347683261292149,0.0,0.9676065068401373,0.0
0.1068,129.6,0.0,0.8466838744135365,0.0,0.9807979938329416,0.0
0.10690000000000001,129.6,0.0,0.8585879363098634,0.0,0.9899504014614275,0.0
0.10700000000000001,129.6,0.0,0.8704772659999328,0.0,1.009455815970307,0.0
0.1071,129.6,0.0,0.8823504587120956,0.0,1.0213408554505827,0.0
0.1072,129.6,0.0,0.8942046619323548,0.0,1.046395122408181,0.0
0.1073,129.6,0.0,0.906029115496637,0.0,1.079211369529858,0.0
0.10740000000000001,129.6,0.0,0.9178285598118484,0.0,1.0950443606236202,0.0
0.1075,129.6,0.0,0.9296112237966242,0.0,1.1118533049351498,0.0
0.1076,129.6,0.0,0.9413796316277396,0.0,1.1227761415137978,0.0
0.1077,129.6,0.0,0.9531374589335677,0.0,1.1324350702530326,0.0
0.1078,129.6,0.0,0.9648761027665932,0.0,1.1600927892681945,0.0
0.10790000000000001,129.6,0.0,0.9765901307958395,0.0,1.1803189590709273,0.0
0.108,129.6,0.0,0.9882872993135454,0.0,1.192888751705991,0.0
0.1081,129.6,0.0,0.9999687705409908,0.0,1.2108541107289683,0.0
0.1082,129.6,0.0,1.011627240641982,0.0,1.2376316896858868,0.0
0.10830000000000001,129.6,0.0,1.0232518994982187,0.0,1.2766254298022626,0.0
0.10840000000000001,129.6,0.0,1.0348447766325877,0.0,1.2994550796513524,0.0
0.1085,129.6,0.0,1.0464194959822226,0.0,1.3119468579865774,0.0
0.1086,129.6,0.0,1.0579762468047063,0.0,1.3344083545493282,0.0
0.1087,129.6,0.0,1.0695093367760902,0.0,1.357973125240106,0.0
0.10880000000000001,129.6,0.0,1.0810113566442057,0.0,1.3948474685348244,0.0
0.10890000000000001,129.6,0.0,1.09247537140696,0.0,1.4319025510655328,0.0
0.109,129.6,0.0,1.1039071953959325,0.0,1.4574665666782685,0.0
0.1091,129.6,0.0,1.1153100182423599,0.0,1.4883170194974358,0.0
0.1092,129.6,0.0,1.1266838701821633,0.0,1.513822218688239,0.0
0.10930000000000001,129.6,0.0,1.1380322528396627,0.0,1.5378611372951358,0.0
0.10940000000000001,129.6,0.0,1.1493508496508458,0.0,1.5717631320196552,0.0
0.1095,129.6,0.0,1.1606300859460965,0.0,1.6144271753421389,0.0
0.1096,129.6,0.0,1.1718638792081555,0.0,1.6601611859048708,0.0
0.1097,129.6,0.0,1.1830568647913624,0.0,1.6938083068539083,0.0
0.10980000000000001,129.6,0.0,1.1942113251250772,0.0,1.7351024220272793,0.0
0.10990000000000001,129.6,0.0,1.205313174867685,0.0,1.796149051759235,0.0
0.11,129.6,0.0,1.2163574865510733,0.0,1.8470283235812122,0.0
0.1101,129.6,0.0,1.2273509213114673,0.0,1.8951173790140872,0.0
0.1102,129.6,0.0,1.238286596159069,0.0,1.9593857857660237,0.0
0.11030000000000001,129.6,0.0,1.2491601897635671,0.0,2.0158809083753964,0.0
0.11040000000000001,129.6,0.0,1.2599766352260267,0.0,2.070553200978866,0.0
0.1105,129.6,0.0,1.2707285449631485,0.0,2.1414190189557427,0.0
0.1106,129.6,0.0,1.2814068670850138,0.0,2.213699499142186,0.0
0.1107,129.6,0.0,1.2920163668061613,0.0,2.2752957842124775,0.0
0.11080000000000001,129.6,0.0,1.3025706141047408,0.0,2.3211792663230906,0.0
0.1109,129.6,0.0,1.3130671560044052,0.0,2.3875472032858127,0.0
0.111,129.6,0.0,1.323480287784136,0.0,2.4834327903189557,0.0
0.1111,129.6,0.0,1.3337977956009563,0.0,2.573559703605248,0.0
0.11120000000000001,129.6,0.0,1.3440227326347143,0.0,2.663506092969957,0.0
0.11130000000000001,129.6,0.0,1.3541576752542352,0.0,2.748621325163646,0.0
0.1114,129.6,0.0,1.3642037852834021,0.0,2.8363076767846147,0.0
0.1115,129.6,0.0,1.3741520431622554,0.0,2.938968206713413,0.0
0.1116,129.6,0.0,1.3839962030839432,0.0,3.038804213228563,0.0
0.11170000000000001,129.6,0.0,1.393735915636681,0.0,3.142144436381681,0.0
0.11180000000000001,129.6,0.0,1.4033723655307715,0.0,3.2396758853486736,0.0
0.1119,129.6,0.0,1.4129107553560134,0.0,3.332895771431989,0.0
0.112,129.6,0.0,1.4223419510458748,0.0,3.4481952620274274,0.0
0.1121,129.6,0.0,1.431651184515456,0.0,3.5701427631716416,0.0
0.11220000000000001,129.6,0.0,1.440835218322481,0.0,3.6917398878963956,0.0
0.11230000000000001,129.6,0.0,1.4499037237136767,0.0,3.7948743977142523,0.0
0.1124,129.6,0.0,1.4588784144693807,0.0,3.874232794309621,0.0
0.1125,129.6,0.0,1.4677551717495934,0.0,3.985379477054335,0.0
0.1126,129.6,0.0,1.4764987895633703,0.0,4.133222322551366,0.0
0.11270000000000001,129.6,0.0,1.4850935263058813,0.0,4.2749903598649865,0.0
0.11280000000000001,-129.6,0.0,1.4805948358651475,0.0,4.392771531875447,0.0
0.1129,-129.6,0.0,1.462995358696213,0.0,4.5488557229733875,0.0
0.113,-129.6,0.0,1.445260090796785,0.0,4.656918431150427,0.0
0.1131,-129.6,0.0,1.4275435589464514,0.0,4.512409426124165,0.0
0.11320000000000001,-129.6,0.0,1.410044196833262,0.0,4.234469030704589,0.0
0.11330000000000001,-129.6,0.0,1.392816233680717,0.0,3.984470636339386,0.0
0.1134,-129.6,0.0,1.3758400993862403,0.0,3.744598980186353,0.0
0.1135,-129.6,0.0,1.3591060846208116,0.0,3.513487656723364,0.0
0.1136,-129.6,0.0,1.3426000681755406,0.0,3.301085280166473,0.0
0.11370000000000001,-129.6,0.0,1.326293960079309,0.0,3.1246159690451343,0.0
0.11380000000000001,-129.6,0.0,1.3101678079856165,0.0,2.9510258916953447,0.0
0.1139,-129.6,0.0,1.2942138991097178,0.0,2.7895598740073817,0.0
0.114,-129.6,0.0,1.278397584253452,0.0,2.683371144476806,0.0
0.11410000000000001,-129.6,0.0,1.2626982830488724,0.0,2.5619390846248056,0.0
0.11420000000000001,-129.6,0.0,1.2471416970904592,0.0,2.405754332068761,0.0
0.1143,-129.6,0.0,1.231736539652106,0.0,2.267372777408535,0.0
0.1144,-129.6,0.0,1.2164632379613276,0.0,2.1492619577593075,0.0
0.1145,-129.6,0.0,1.2013025425731252,0.0,2.048325383258787,0.0
0.11460000000000001,-129.6,0.0,1.1862352775644136,0.0,1.967516525277137,0.0
0.11470000000000001,-129.6,0.0,1.1712476904909177,0.0,1.8933318910564236,0.0
0.1148,-129.6,0.0,1.1563399638731684,0.0,1.8121679850378878,0.0
0.1149,-129.6,0.0,1.141510322478723,0.0,1.7414366214750892,0.0
0.115,-129.6,0.0,1.126745455572501,0.0,1.6861654209887977,0.0
0.11510000000000001,-129.6,0.0,1.1120364883953355,0.0,1.6326976814382321,0.0
0.11520000000000001,-129.6,0.0,1.0973804912751033,0.0,1.5831254252360187,0.0
0.1153,-129.6,0.0,1.0827771016934917,0.0,1.5303628743815805,0.0
0.1154,-129.6,0.0,1.0682269215159446,0.0,1.4796198395096638,0.0
0.1155,-129.6,0.0,1.0537233237246926,0.0,1.4397484940332503,0.0
0.11560000000000001,-129.6,0.0,1.039253329984434,0.0,1.4142515640705746,0.0
0.11570000000000001,-129.6,0.0,1.0248090611828922,0.0,1.3897070606351238,0.0
0.1158,-129.6,0.0,1.0104002584157192,0.0,1.3452612657338208,0.0
0.1159,-129.6,0.0,0.9960367072399379,0.0,1.3016814088845055,0.0
0.116,-129.6,0.0,0.9817147621827268,0.0,1.264326969473039,0.0
0.11610000000000001,-129.6,0.0,0.9674325933797283,0.0,1.2243066560066673,0.0
0.11620000000000001,-129.6,0.0,0.9531829958020095,0.0,1.2009677981073008,0.0
0.1163,-129.6,0.0,0.9389517573255597,0.0,1.188593616861227,0.0
0.1164,-129.6,0.0,0.9247403042497492,0.0,1.162480250313932,0.0
0.1165,-129.6,0.0,0.9105608549735018,0.0,1.1263382302901133,0.0
0.11660000000000001,-129.6,0.0,0.8964134279367755,0.0,1.100188993417419,0.0
0.11670000000000001,-129.6,0.0,0.8822825537433459,0.0,1.0941388142098607,0.0
0.1168,-129.6,0.0,0.8681612004305272,0.0,1.0816685017562093,0.0
0.1169,-129.6,0.0,0.8540631259943682,0.0,1.0488555826823285,0.0
0.117,-129.6,0.0,0.839998631163453,0.0,1.0163477794079039,0.0
0.11710000000000001,-129.6,0.0,0.8259649851275891,0.0,0.9888469684744082,0.0
0.11720000000000001,-129.6,0.0,0.811952126858825,0.0,0.9759103783988878,0.0
0.1173,-129.6,0.0,0.7979510324199819,0.0,0.9659633799855982,0.0
0.1174,-129.6,0.0,0.7839688306437692,0.0,0.9391594290907262,0.0
0.11750000000000001,-129.6,0.0,0.7700138726097544,0.0,0.9129674943306819,0.0
0.11760000000000001,-129.6,0.0,0.7560850039161408,0.0,0.8884091433676079,0.0
0.1177,-129.6,0.0,0.7421841925866836,0.0,0.8583889106760204,0.0
0.1178,-129.6,0.0,0.7283083657260716,0.0,0.8398081088821469,0.0
0.1179,-129.6,0.0,0.7144474726464654,0.0,0.8293389752880798,0.0
0.11800000000000001,-129.6,0.0,0.7006023712873941,0.0,0.8090892667464147,0.0
0.11810000000000001,-129.6,0.0,0.6867768547471651,0.0,0.791241609206738,0.0
0.1182,-129.6,0.0,0.6729708292468325,0.0,0.7711743241463437,0.0
0.1183,-129.6,0.0,0.6591835960192265,0.0,0.7546859433447913,0.0
0.1184,-129.6,0.0,0.6454027553385608,0.0,0.7587392231153286,0.0
0.11850000000000001,-129.6,0.0,0.6316293699082248,0.0,0.7401836186961797,0.0
0.11860000000000001,-129.6,0.0,0.6178850851517792,0.0,0.7021311413485014,0.0
0.1187,-129.6,0.0,0.6041698373645374,0.0,0.6836994584616046,0.0
0.1188,-129.6,0.0,0.5904693772005073,0.0,0.6733655193888523,0.0
0.1189,-129.6,0.0,0.5767808749184444,0.0,0.6604383902569341,0.0
0.11900000000000001,-129.6,0.0,0.5631087930997346,0.0,0.641423615375302,0.0
0.11910000000000001,-129.6,0.0,0.5494591775070282,0.0,0.616735967303269,0.0
0.1192,-129.6,0.0,0.5358337043505488,0.0,0.5944605447214817,0.0
0.1193,-129.6,0.0,0.5222284806460337,0.0,0.5773457237353571,0.0
0.1194,-129.6,0.0,0.5086409202341365,0.0,0.5601010272560105,0.0
0.11950000000000001,-129.6,0.0,0.4950715398526364,0.0,0.5419810221784258,0.0
0.11960000000000001,-129.6,0.0,0.4815173907250509,0.0,0.5304724327341771,0.0
0.1197,-129.6,0.0,0.46797734816848824,0.0,0.5145402168926287,0.0
0.1198,-129.6,0.0,0.4544601420935864,0.0,0.4860497700153454,0.0
0.1199,-129.6,0.0,0.44096545882143395,0.0,0.4707277380317184,0.0
0.12000000000000001,-129.6,0.0,0.42747734843048807,0.0,0.473263873778527,0.0
0.12010000000000001,-129.6,0.0,0.4139949216338267,0.0,0.45967172705417864,0.0
0.1202,-129.6,0.0,0.400532719246522,0.0,0.43392234433948446,0.0
0.1203,-129.6,0.0,0.3870922610135792,0.0,0.417373913859018,0.0
0.12040000000000001,-129.6,0.0,0.3736694211197789,0.0,0.3996502726158224,0.0
0.12050000000000001,-129.6,0.0,0.36026665185704426,0.0,0.3783315216190097,0.0
0.1206,-129.6,0.0,0.34688505729869934,0.0,0.3584601818984068,0.0
0.1207,-129.6,0.0,0.33352236707964733,0.0,0.3415578582848165,0.0
0.1208,-129.6,0.0,0.3201764422242534,0.0,0.3258473606151397,0.0
0.12090000000000001,-129.6,0.0,0.30684535996126416,0.0,0.31268530751015927,0.0
0.12100000000000001,-129.6,0.0,0.2935261847595242,0.0,0.3026851514051115,0.0
0.1211,-129.6,0.0,0.28022472000179216,0.0,0.2782340688100952,0.0
0.1212,-129.6,0.0,0.26694768023249804,0.0,0.2551724461029526,0.0
0.1213,-129.6,0.0,0.2536838097805733,0.0,0.2526164560609991,0.0
0.12140000000000001,-129.6,0.0,0.24042886972036528,0.0,0.23780060287986363,0.0
0.12150000000000001,-129.6,0.0,0.22719419660485418,0.0,0.2131921847574625,0.0
0.1216,-129.6,0.0,0.2139746241466855,0.0,0.20842605132162684,0.0
0.1217,-129.6,0.0,0.20076089331670066,0.0,0.20182875835949785,0.0
0.1218,-129.6,0.0,0.18756190153680533,0.0,0.17975491622093814,0.0
0.12190000000000001,-129.6,0.0,0.17438263069480966,0.0,0.16346660670105484,0.0
0.12200000000000001,-129.6,0.0,0.16121409153254643,0.0,0.15887911774021088,0.0
0.1221,-129.6,0.0,0.14805100939092825,0.0,0.15285133806353401,0.0
0.1222,-129.6,0.0,0.134901000371562,0.0,0.13344862852975753,0.0
0.1223,-129.6,0.0,0.12177360449174943,0.0,0.10886313154699057,0.0
0.12240000000000001,-129.6,0.0,0.10866899478070047,0.0,0.0891238369670586,0.0
0.12250000000000001,-129.6,0.0,0.09558401334657671,0.0,0.07068122863605615,0.0
0.1226,-129.6,0.0,0.08251289435623849,0.0,0.062157920155051845,0.0
0.1227,-129.6,0.0,0.0694462132531124,0.0,0.06204842916471972,0.0
0.1228,-129.6,0.0,0.056386192412098454,0.0,0.04920204622395236,0.0
0.12290000000000001,-129.6,0.0,0.04334319091919501,0.0,0.02894154466136875,0.0
0.12300000000000001,-129.6,0.0,0.030317769099974363,0.0,0.015005188480380394,0.0
0.1231,-129.6,0.0,0.01730416251762246,0.0,0.005957956814549365,0.0
0.1232,-129.6,0.0,0.004299168373294943,0.0,-0.0017481553677164263,0.0
0.1233,-129.6,0.0,-0.00869585964876034,0.0,-0.013428641125105369,0.0
0.12340000000000001,-129.6,0.0,-0.021676079117680762,0.0,-0.030554491257588696,0.0
0.12350000000000001,-129.6,0.0,-0.03463847719325255,0.0,-0.04809570401444303,0.0
0.1236,-129.6,0.0,-0.047587419416943146,0.0,-0.05672948522517689,0.0
0.1237,-129.6,0.0,-0.060527060999460425,0.0,-0.06618777494060303,0.0
0.12380000000000001,-129.6,0.0,-0.0734530086516338,0.0,-0.08336760128867636,0.0
0.12390000000000001,-129.6,0.0,-0.08636273614009851,0.0,-0.09774004609940849,0.0
0.124,-129.6,0.0,-0.09925258174897433,0.0,-0.12204282474525917,0.0
0.1241,-129.6,0.0,-0.11211791957762313,0.0,-0.14541380211768057,0.0
0.1242,-129.6,0.0,-0.12497130982178103,0.0,-0.14528386178532554,0.0
0.12430000000000001,-129.6,0.0,-0.13781893802291784,0.0,-0.15662241548902422,0.0
0.12440000000000001,-129.6,0.0,-0.15064835382763622,0.0,-0.1807115233408142,0.0
0.1245,-129.6,0.0,-0.1634641361842362,0.0,-0.18314287851197647,0.0
0.1246,-129.6,0.0,-0.1762745338428344,0.0,-0.19118610636667804,0.0
0.1247,-129.6,0.0,-0.18907410792984836,0.0,-0.20419742960448634,0.0
0.12480000000000001,-129.6,0.0,-0.20186667614879591,0.0,-0.204814270231372,0.0
0.12490000000000001,-129.6,0.0,-0.21464808941543814,0.0,-0.2258965989977587,0.0
0.125,-129.6,0.0,-0.22740648677058062,0.0,-0.24958596881902598,0.0
0.12510000000000002,-129.6,0.0,-0.24015009965947245,0.0,-0.25465607987954414,0.0
0.1252,-129.6,0.0,-0.252887454132651,0.0,-0.261760151099554,0.0
0.1253,-129.6,0.0,-0.2656142103145945,0.0,-0.27527240440473805,0.0
0.1254,-129.6,0.0,-0.2783240588659219,0.0,-0.29464971716269506,0.0
0.1255,-129.6,0.0,-0.291014351773369,0.0,-0.3133130178952885,0.0
0.12560000000000002,-129.6,0.0,-0.3036839034310001,0.0,-0.3349966304319408,0.0
0.1257,-129.6,0.0,-0.3163361941658164,0.0,-0.3468898255581618,0.0
0.1258,-129.6,0.0,-0.3289846050341564,0.0,-0.3425439401457242,0.0
0.1259,-129.6,0.0,-0.34162747452844916,0.0,-0.3576691826393649,0.0
0.126,-129.6,0.0,-0.3542492937307868,0.0,-0.3834920175923926,0.0
0.12610000000000002,-129.6,0.0,-0.36684987677468645,0.0,-0.3989788168354686,0.0
0.1262,-129.6,0.0,-0.3794347028604975,0.0,-0.4141432380843226,0.0
0.1263,-129.6,0.0,-0.3920072158299517,0.0,-0.42293090468620054,0.0
0.1264,-129.6,0.0,-0.40457158683155436,0.0,-0.42998139989511847,0.0
0.1265,-129.6,0.0,-0.4171210113318917,0.0,-0.4520055841573581,0.0
0.12660000000000002,-129.6,0.0,-0.4296509854179316,0.0,-0.4678173155545925,0.0
0.1267,-129.6,0.0,-0.4421723400063031,0.0,-0.46877266077693164,0.0
0.1268,-129.6,0.0,-0.4546889630076422,0.0,-0.47702143455981405,0.0
0.1269,-129.6,0.0,-0.4671890070067315,0.0,-0.5010229625571179,0.0
0.127,-129.6,0.0,-0.479665124006102,0.0,-0.5235654273764998,0.0
0.12710000000000002,-129.6,0.0,-0.4921268239876816,0.0,-0.5290676643746283,0.0
0.1272,-129.6,0.0,-0.504574170208557,0.0,-0.5514870783550267,0.0
0.1273,-129.6,0.0,-0.5169968746524384,0.0,-0.5770020775849845,0.0
0.1274,-129.6,0.0,-0.5294081632441363,0.0,-0.5736937631991748,0.0
0.1275,-129.6,0.0,-0.5418146971220752,0.0,-0.586251183851981,0.0
0.12760000000000002,-129.6,0.0,-0.5542037395376507,0.0,-0.6077190278861135,0.0
0.1277,-129.6,0.0,-0.5665769088332505,0.0,-0.6171283682382476,0.0
0.1278,-129.6,0.0,-0.5789307297158566,0.0,-0.6453565255240123,0.0
0.1279,-129.6,0.0,-0.5912576125483294,0.0,-0.6695296064474874,0.0
0.128,-129.6,0.0,-0.6035737945342523,0.0,-0.6661723457610758,0.0
0.12810000000000002,-129.6,0.0,-0.6158871999620645,0.0,-0.6749307057191902,0.0
0.1282,-129.6,0.0,-0.6281839916499911,0.0,-0.6984902209227256,0.0
0.1283,-129.6,0.0,-0.6404608915456211,0.0,-0.7136252118686428,0.0
0.12840000000000001,-129.6,0.0,-0.6527236577585201,0.0,-0.7259837652550876,0.0
0.1285,-129.6,0.0,-0.6649749282531726,0.0,-0.7359872561609595,0.0
0.12860000000000002,-129.6,0.0,-0.6772114938532517,0.0,-0.7545884593426815,0.0
0.1287,-129.6,0.0,-0.6894247609397698,0.0,-0.7813086863685559,0.0
0.1288,-129.6,0.0,-0.7016161705447181,0.0,-0.7971067222727831,0.0
0.12890000000000001,-129.6,0.0,-0.7137922826457268,0.0,-0.8110661537424478,0.0
0.129,-129.6,0.0,-0.7259545441481338,0.0,-0.8240495972424472,0.0
0.1291,-129.6,0.0,-0.7381037442684449,0.0,-0.8364738054158293,0.0
0.1292,-129.6,0.0,-0.7502363651857652,0.0,-0.8563002895142251,0.0
0.1293,-129.6,0.0,-0.7623524266090927,0.0,-0.8686861587617625,0.0
0.12940000000000002,-129.6,0.0,-0.7744534257973108,0.0,-0.8856001002293273,0.0
0.1295,-129.6,0.0,-0.7865335035860994,0.0,-0.9093835080410992,0.0
0.1296,-129.6,0.0,-0.798596110050731,0.0,-0.9195861910733086,0.0
0.1297,-129.6,0.0,-0.8106473855744661,0.0,-0.9314250192160024,0.0
0.1298,-129.6,0.0,-0.8226833160162078,0.0,-0.9494362096496619,0.0
0.12990000000000002,-129.6,0.0,-0.8346997649787383,0.0,-0.9693213638944861,0.0
0.13,-129.6,0.0,-0.8466966722404227,0.0,-0.9874497004550403,0.0
0.1301,-129.6,0.0,-0.8586765145551947,0.0,-1.0025169494605823,0.0
0.1302,-129.6,0.0,-0.8706394464792072,0.0,-1.0203446356868968,0.0
0.1303,-129.6,0.0,-0.882584016689973,0.0,-1.0382350695552809,0.0
0.13040000000000002,-129.6,0.0,-0.8945074893985342,0.0,-1.061384548864472,0.0
0.1305,-129.6,0.0,-0.906409052079276,0.0,-1.0808555480702726,0.0
0.1306,-129.6,0.0,-0.9182913230834963,0.0,-1.0989116798880019,0.0
0.1307,-129.6,0.0,-0.9301493038313465,0.0,-1.128106165836247,0.0
0.1308,-129.6,0.0,-0.9419820388533082,0.0,-1.148020924599942,0.0
0.13090000000000002,-129.6,0.0,-0.9538009714989055,0.0,-1.154955236505793,0.0
0.131,-129.6,0.0,-0.9656054317426919,0.0,-1.1761733621745984,0.0
0.1311,-129.6,0.0,-0.9773841831970271,0.0,-1.204965255547063,0.0
0.1312,-129.6,0.0,-0.9891435345143185,0.0,-1.2139114760138667,0.0
0.1313,-129.6,0.0,-1.0008959771148878,0.0,-1.2184044357728545,0.0
0.13140000000000002,-129.6,0.0,-1.0126337016890192,0.0,-1.2425417148593405,0.0
0.1315,-129.6,0.0,-1.024342790262487,0.0,-1.2741086120111904,0.0
0.1316,-129.6,0.0,-1.0360254465983323,0.0,-1.2939590213540766,0.0
0.1317,-129.6,0.0,-1.0476878385892283,0.0,-1.3135278261554464,0.0
0.1318,-129.6,0.0,-1.059324873090621,0.0,-1.343285674221913,0.0
0.13190000000000002,-129.6,0.0,-1.070930120023548,0.0,-1.37536258921493,0.0
0.132,-129.6,0.0,-1.0825018920198397,0.0,-1.4084027899740574,0.0
0.1321,-129.6,0.0,-1.0940444887926382,0.0,-1.4321156885862136,0.0
0.1322,-129.6,0.0,-1.105566462906781,0.0,-1.448519013805521,0.0
0.1323,-129.6,0.0,-1.1170655146251087,0.0,-1.4767054758014104,0.0
0.13240000000000002,-129.6,0.0,-1.1285345441290964,0.0,-1.5069197220018318,0.0
0.1325,-129.6,0.0,-1.1399741533084111,0.0,-1.533935358208095,0.0
0.1326,-129.6,0.0,-1.151381106317634,0.0,-1.5704441322512817,0.0
0.1327,-129.6,0.0,-1.1627505989292024,0.0,-1.6068051914440462,0.0
0.1328,-129.6,0.0,-1.17408487489393,0.0,-1.6389493095341776,0.0
0.13290000000000002,-129.6,0.0,-1.1853860417971942,0.0,-1.6712105885707638,0.0
0.133,-129.6,0.0,-1.1966501364978788,0.0,-1.711064006355243,0.0
0.1331,-129.6,0.0,-1.2078685444571033,0.0,-1.7600827159301111,0.0
0.1332,-129.6,0.0,-1.2190443309259948,0.0,-1.793973454394163,0.0
0.1333,-129.6,0.0,-1.2301802361904115,0.0,-1.8376616232907215,0.0
0.13340000000000002,-129.6,0.0,-1.2412558854227695,0.0,-1.9111864922286403,0.0
0.1335,-129.6,0.0,-1.2522615279669393,0.0,-1.9738421235816812,0.0
0.1336,-129.6,0.0,-1.2632055713611439,0.0,-2.0310122299810045,0.0
0.1337,-129.6,0.0,-1.2740888183109749,0.0,-2.092106398395279,0.0
0.1338,-129.6,0.0,-1.2849129872266427,0.0,-2.1459337675761008,0.0
0.13390000000000002,-129.6,0.0,-1.2956766123892742,0.0,-2.2098791254208883,0.0
0.134,-129.6,0.0,-1.3063689259551359,0.0,-2.284652641100498,0.0
0.1341,-129.6,0.0,-1.3169861814648545,0.0,-2.355885798511162,0.0
0.1342,-129.6,0.0,-1.3275345220759558,0.0,-2.418709337882481,0.0
0.1343,-129.6,0.0,-1.3380142019593102,0.0,-2.4894480694442804,0.0
0.13440000000000002,-129.6,0.0,-1.348411719896468,0.0,-2.5785348520938225,0.0
0.1345,-129.6,0.0,-1.3587195134225984,0.0,-2.663984467297432,0.0
0.1346,-129.6,0.0,-1.3689403319176485,0.0,-2.747723018993724,0.0
0.13470000000000001,-129.6,0.0,-1.3790767214512754,0.0,-2.828219892557732,0.0
0.1348,-129.6,0.0,-1.3891399536181503,0.0,-2.8900323763146245,0.0
0.13490000000000002,-129.6,0.0,-1.3991231752783833,0.0,-2.9838603192799225,0.0
0.135,-129.6,0.0,-1.4089910682914344,0.0,-3.114375410923605,0.0
0.1351,-129.6,0.0,-1.4187337864126588,0.0,-3.227356759890882,0.0
0.13520000000000001,-129.6,0.0,-1.42835803392513,0.0,-3.3448303458347173,0.0
0.1353,-129.6,0.0,-1.4378616929338348,0.0,-3.461931529776698,0.0
0.13540000000000002,-129.6,0.0,-1.447253446691661,0.0,-3.56251401926989,0.0
0.1355,-129.6,0.0,-1.4565406507503722,0.0,-3.665306817183414,0.0
0.1356,-129.6,0.0,-1.465720075823259,0.0,-3.7721710761923894,0.0
0.13570000000000002,-129.6,0.0,-1.4747765806889968,0.0,-3.9044173327439866,0.0
0.1358,-129.6,0.0,-1.4837041761334455,0.0,-4.0229321097116495,0.0
0.1359,-129.6,0.0,-1.4925184975999477,0.0,-4.124763522314102,0.0
0.136,-129.6,0.0,-1.5012149951189855,0.0,-4.252129126842036,0.0
0.1361,129.6,0.0,-1.4968219361480553,0.0,-4.376783266089499,0.0
0.13620000000000002,129.6,0.0,-1.479327345497274,0.0,-4.527443607042409,0.0
0.1363,129.6,0.0,-1.461693853198718,0.0,-4.646981676765613,0.0
0.1364,129.6,0.0,-1.44402489721478,0.0,-4.5964293360131645,0.0
0.1365,129.6,0.0,-1.4265018002337289,0.0,-4.363249472041906,0.0
0.1366,129.6,0.0,-1.4092661625314369,0.0,-4.037249214688366,0.0
0.13670000000000002,129.6,0.0,-1.3923418650005723,0.0,-3.7576150476339265,0.0
0.1368,129.6,0.0,-1.3756743951474821,0.0,-3.5376552108444415,0.0
0.1369,129.6,0.0,-1.3592326910964463,0.0,-3.3184441531382847,0.0
0.137,129.6,0.0,-1.3430042710395997,0.0,-3.1227645513315543,0.0
0.1371,129.6,0.0,-1.3269658857173887,0.0,-2.948779112482625,0.0
0.13720000000000002,129.6,0.0,-1.3111015749640067,0.0,-2.784146020952005,0.0
0.1373,129.6,0.0,-1.2953899742554362,0.0,-2.651719919424435,0.0
0.1374,129.6,0.0,-1.2798138795538798,0.0,-2.5205529799850916,0.0
0.1375,129.6,0.0,-1.2643812745932796,0.0,-2.3725965211360323,0.0
0.1376,129.6,0.0,-1.2490847775914689,0.0,-2.255788992412298,0.0
0.13770000000000002,129.6,0.0,-1.2338976076859003,0.0,-2.1599280026426753,0.0
0.1378,129.6,0.0,-1.2188090918875103,0.0,-2.0638821043847324,0.0
0.1379,129.6,0.0,-1.2038079409133189,0.0,-1.9899815907342757,0.0
0.138,129.6,0.0,-1.1888723810590618,0.0,-1.9362909876150298,0.0
0.1381,129.6,0.0,-1.1739988785626758,0.0,-1.869264524118137,0.0
0.13820000000000002,129.6,0.0,-1.15920568167544,0.0,-1.780076512780568,0.0
0.1383,129.6,0.0,-1.1444940780071575,0.0,-1.7105453264959491,0.0
0.1384,129.6,0.0,-1.1298483458016848,0.0,-1.6519400590722417,0.0
0.1385,129.6,0.0,-1.1152672657378417,0.0,-1.5847807571407784,0.0
0.1386,129.6,0.0,-1.1007409478720787,0.0,-1.5454139010071797,0.0
0.13870000000000002,129.6,0.0,-1.0862534790645064,0.0,-1.509209632192984,0.0
0.1388,129.6,0.0,-1.0718108829597939,0.0,-1.4581252821194661,0.0
0.1389,129.6,0.0,-1.0574103514090885,0.0,-1.4273835644636328,0.0
0.139,129.6,0.0,-1.0430442297613343,0.0,-1.3911894232732205,0.0
0.1391,129.6,0.0,-1.0287238060931616,0.0,-1.3384895761499496,0.0
0.13920000000000002,129.6,0.0,-1.0144504561644363,0.0,-1.2996192382754097,0.0
0.1393,129.6,0.0,-1.0002095330721217,0.0,-1.275411277210984,0.0
0.1394,129.6,0.0,-0.9859900071238076,0.0,-1.257996446936512,0.0
0.1395,129.6,0.0,-0.9717894628932685,0.0,-1.2384870933955525,0.0
0.1396,129.6,0.0,-0.9576087472279987,0.0,-1.219424933152602,0.0
0.13970000000000002,129.6,0.0,-0.943450411573635,0.0,-1.1949523803476896,0.0
0.1398,129.6,0.0,-0.9293209437681599,0.0,-1.1632697541873103,0.0
0.1399,129.6,0.0,-0.9152173259034525,0.0,-1.144667786727725,0.0
0.14,129.6,0.0,-0.9011348195453024,0.0,-1.1222025990444064,0.0
0.1401,129.6,0.0,-0.8870821373478084,0.0,-1.086652342432233,0.0
0.14020000000000002,129.6,0.0,-0.8730589452689982,0.0,-1.06483694984812,0.0
0.1403,129.6,0.0,-0.8590540402285295,0.0,-1.0510794836864144,0.0
0.1404,129.6,0.0,-0.8450689086145212,0.0,-1.0263726948244278,0.0
0.1405,129.6,0.0,-0.8311071967424661,0.0,-1.0055222339662933,0.0
0.1406,129.6,0.0,-0.8171652407983911,0.0,-0.9879424787171323,0.0
0.14070000000000002,129.6,0.0,-0.8032473115453499,0.0,-0.9587843166331724,0.0
0.1408,129.6,0.0,-0.7893568623876657,0.0,-0.9344868271128793,0.0
0.1409,129.6,0.0,-0.7754900857309948,0.0,-0.9127353873872267,0.0
0.14100000000000001,129.6,0.0,-0.7616452541510151,0.0,-0.8917981697846197,0.0
0.1411,129.6,0.0,-0.7478149070845643,0.0,-0.884559389495213,0.0
0.14120000000000002,129.6,0.0,-0.7339921837133632,0.0,-0.8769681776791975,0.0
0.1413,129.6,0.0,-0.720181044751334,0.0,-0.8620248191928239,0.0
0.1414,129.6,0.0,-0.706388792874906,0.0,-0.8402280770866654,0.0
0.14150000000000001,129.6,0.0,-0.692618822169206,0.0,-0.8186823749871284,0.0
0.1416,129.6,0.0,-0.6788718282091345,0.0,-0.7955325659046846,0.0
0.14170000000000002,129.6,0.0,-0.6651532629485261,0.0,-0.7633814513797815,0.0
0.1418,129.6,0.0,-0.6514577560888208,0.0,-0.7506782148108644,0.0
0.1419,129.6,0.0,-0.6377728450581025,0.0,-0.7427699165426935,0.0
0.14200000000000002,129.6,0.0,-0.6241049859625412,0.0,-0.7175079403599744,0.0
0.1421,129.6,0.0,-0.6104581899169164,0.0,-0.7017970216344398,0.0
0.1422,129.6,0.0,-0.5968300085166641,0.0,-0.6812978040832558,0.0
0.1423,129.6,0.0,-0.5832242283436145,0.0,-0.6582210375887221,0.0
0.1424,129.6,0.0,-0.5696367928828058,0.0,-0.6456127551929742,0.0
0.14250000000000002,129.6,0.0,-0.5560664175891171,0.0,-0.6250347499128097,0.0
0.1426,129.6,0.0,-0.5425172466804264,0.0,-0.6043649282764777,0.0
0.1427,129.6,0.0,-0.5289885725129674,0.0,-0.5851634669326313,0.0
0.1428,129.6,0.0,-0.5154770211979364,0.0,-0.5710567020142092,0.0
0.1429,129.6,0.0,-0.5019797531874608,0.0,-0.5573788707674187,0.0
0.14300000000000002,129.6,0.0,-0.4884956754667602,0.0,-0.5453982926961938,0.0
0.1431,129.6,0.0,-0.4750192967594085,0.0,-0.5424023661399845,0.0
0.1432,129.6,0.0,-0.4615567130445035,0.0,-0.5185635855915567,0.0
0.1433,129.6,0.0,-0.448118784274575,0.0,-0.49444233791363607,0.0
0.1434,129.6,0.0,-0.4346961641095961,0.0,-0.48878452397983835,0.0
0.14350000000000002,129.6,0.0,-0.42128260885170365,0.0,-0.4768088286866643,0.0
0.1436,129.6,0.0,-0.40788325977167694,0.0,-0.4611499584969029,0.0
0.1437,129.6,0.0,-0.3945015299621989,0.0,-0.4425349451453533,0.0
0.1438,129.6,0.0,-0.3811409180288095,0.0,-0.42007041302407433,0.0
0.1439,129.6,0.0,-0.36780374323461384,0.0,-0.3969438534456548,0.0
0.14400000000000002,129.6,0.0,-0.35448751523296745,0.0,-0.37932366778195886,0.0
0.1441,129.6,0.0,-0.34118703093295066,0.0,-0.3663184200787191,0.0
0.1442,129.6,0.0,-0.3279025172303311,0.0,-0.3482568654552388,0.0
0.1443,129.6,0.0,-0.31463530294917563,0.0,-0.332666722923843,0.0
0.1444,129.6,0.0,-0.3013802462138284,0.0,-0.324607401192274,0.0
0.14450000000000002,129.6,0.0,-0.28813559134411176,0.0,-0.3124324952780979,0.0
0.1446,129.6,0.0,-0.2749079209526257,0.0,-0.2915683473179071,0.0
0.1447,129.6,0.0,-0.26169437651356653,0.0,-0.28495398831869245,0.0
0.1448,129.6,0.0,-0.24848722467018963,0.0,-0.2791331514717323,0.0
0.1449,129.6,0.0,-0.23529701799456673,0.0,-0.2519914031433564,0.0
0.14500000000000002,129.6,0.0,-0.22213133367923915,0.0,-0.23143103357769576,0.0
0.1451,129.6,0.0,-0.20898282007509703,0.0,-0.21859007963983326,0.0
0.1452,129.6,0.0,-0.19584622113154754,0.0,-0.20825404174607842,0.0
0.1453,129.6,0.0,-0.18271816013020112,0.0,-0.20198164877760372,0.0
0.1454,129.6,0.0,-0.16960242740715112,0.0,-0.18427246013467363,0.0
0.14550000000000002,129.6,0.0,-0.15650772831482357,0.0,-0.16106598159146213,0.0
0.1456,129.6,0.0,-0.14343322822095253,0.0,-0.14498036124567235,0.0
0.1457,129.6,0.0,-0.13037314655323493,0.0,-0.1330185401570324,0.0
0.1458,129.6,0.0,-0.11732261613046417,0.0,-0.1264008033645005,0.0
0.1459,129.6,0.0,-0.10428063905956396,0.0,-0.11638013364135176,0.0
0.14600000000000002,129.6,0.0,-0.09125663137918417,0.0,-0.0914458489976732,0.0
0.1461,129.6,0.0,-0.07825527985517385,0.0,-0.07230824866997608,0.0
0.1462,129.6,0.0,-0.06526837617841763,0.0,-0.0633411761712739,0.0
0.1463,129.6,0.0,-0.05228657081671073,0.0,-0.06239075204182294,0.0
0.1464,129.6,0.0,-0.039306872597750966,0.0,-0.05924225704060432,0.0
0.14650000000000002,129.6,0.0,-0.026340939811734854,0.0,-0.03561354555629556,0.0
0.1466,129.6,0.0,-0.01339625453739863,0.0,-0.01791053795226024,0.0
0.1467,129.6,0.0,-0.0004674982895957209,0.0,-0.004627608946655462,0.0
0.1468,129.6,0.0,0.012442395003780122,0.0,0.018782621477485915,0.0
0.1469,129.6,0.0,0.025335705910226762,0.0,0.027629276880628037,0.0
0.14700000000000002,129.6,0.0,0.03822386367127445,0.0,0.028806776835524756,0.0
0.1471,129.6,0.0,0.051101772079901284,0.0,0.04756682822679267,0.0
0.1472,129.6,0.0,0.06395979905955892,0.0,0.06748112372420836,0.0
0.14730000000000001,129.6,0.0,0.07680099876973448,0.0,0.08030007180540259,0.0
0.1474,129.6,0.0,0.08962829948840202,0.0,0.09451813498818336,0.0
0.14750000000000002,129.6,0.0,0.10244291205415633,0.0,0.10498169946423828,0.0
0.1476,129.6,0.0,0.11524378388139175,0.0,0.12124730464743491,0.0
0.1477,129.6,0.0,0.12803039943136582,0.0,0.13271372078935822,0.0
0.14780000000000001,129.6,0.0,0.1408109252492718,0.0,0.13309335509103648,0.0
0.1479,129.6,0.0,0.15358619805716345,0.0,0.1429321377763606,0.0
0.14800000000000002,129.6,0.0,0.16634879599339206,0.0,0.15774914739977092,0.0
0.1481,129.6,0.0,0.17909558645278184,0.0,0.17368162986001429,0.0
0.1482,129.6,0.0,0.1918279912747814,0.0,0.1857328064972172,0.0
0.14830000000000002,129.6,0.0,0.20454887306922073,0.0,0.19609679759079157,0.0
0.1484,129.6,0.0,0.21725282226515383,0.0,0.21867094134518267,0.0
0.14850000000000002,129.6,0.0,0.22993496720599288,0.0,0.23851152172674217,0.0
0.1486,129.6,0.0,0.2425999204644446,0.0,0.25211305907617304,0.0
0.1487,129.6,0.0,0.25524609898471246,0.0,0.2750330785218787,0.0
0.14880000000000002,129.6,0.0,0.2678700586787109,0.0,0.2953342277322712,0.0
0.1489,129.6,0.0,0.28047838469763203,0.0,0.30544448275351005,0.0
0.149,129.6,0.0,0.29307827484803584,0.0,0.31174409977181755,0.0
0.1491,129.6,0.0,0.3056728257281552,0.0,0.31583069751865545,0.0
0.1492,129.6,0.0,0.31825941330542745,0.0,0.3272347135081903,0.0
0.14930000000000002,129.6,0.0,0.3308314057342717,0.0,0.3442219079326961,0.0
0.1494,129.6,0.0,0.3433897523732421,0.0,0.3537791843292371,0.0
0.1495,129.6,0.0,0.35594127405135256,0.0,0.3574981620794981,0.0
0.1496,129.6,0.0,0.3684810880673588,0.0,0.37655351238064244,0.0
0.1497,129.6,0.0,0.38099778700904174,0.0,0.402462757135649,0.0
0.14980000000000002,129.6,0.0,0.3934969496827692,0.0,0.41066593513929295,0.0
0.1499,129.6,0.0,0.40598605363847434,0.0,0.42202947694504284,0.0
0.15,129.6,0.0,0.4184593808407706,0.0,0.4413556624751107,0.0
