epoch,train_loss,mse_loss,lr,w_mse,w_pde1,w_pde2,w_sym,loss_mse,loss_pde1,loss_pde2,loss_sym
1,0.16407383989426308,0.1634779651959737,0.01,1.0,0.25,0.25,0.25,0.1634779651959737,0.00017845179172581993,0.0005379958485718817,0.0023834987931574386
2,0.05793679262278602,0.05706289013226827,0.01,1.0,0.25,0.25,0.25,0.05706289013226827,0.000625879851092274,0.00038732160658886035,0.0034956099620709817
3,0.04570305239370403,0.045389804244041446,0.01,1.0,0.25,0.25,0.25,0.045389804244041446,0.0004463273876657089,0.0002962914431312432,0.0012529925986503561
4,0.039068692052872694,0.038932627191146214,0.01,1.0,0.25,0.25,0.25,0.038932627191146214,0.00030201827563966315,0.00021850321694122005,0.0005442594469059258
5,0.0326809823741011,0.032579017182191215,0.01,1.0,0.25,0.25,0.25,0.032579017182191215,0.00027487262268550695,0.00018934539790886143,0.0004078607676395526
6,0.02696231062679241,0.02688715731104215,0.01,1.0,0.25,0.25,0.25,0.02688715731104215,0.00019209784319779526,0.0001311290543526411,0.0003006132630010446
7,0.020326335987677642,0.020278333375851314,0.01,1.0,0.25,0.25,0.25,0.020278333375851314,0.00012600540212588386,8.619908451995192e-05,0.00019201044730531673
8,0.013012000150774838,0.012969015352427959,0.01,1.0,0.25,0.25,0.25,0.012969015352427959,5.7048136174368365e-05,4.573297822692742e-05,0.00017193919338751585
9,0.006881815123051638,0.006825671469171842,0.01,1.0,0.25,0.25,0.25,0.006825671469171842,2.8055627990397624e-05,2.739405863394495e-05,0.00022457461551918337
10,0.004095516074448824,0.0040311193248877926,0.01,1.0,0.25,0.25,0.25,0.0040311193248877926,5.481854192718553e-05,1.768994115991518e-05,0.00025758699824412665
11,0.0035501214927838496,0.0034847786960502465,0.01,1.0,0.25,0.25,0.25,0.0034847786960502465,8.09559947811067e-05,1.1954873783300475e-05,0.0002613711869344115
12,0.0033568985643796624,0.0032992085597167414,0.01,1.0,0.25,0.25,0.25,0.0032992085597167414,7.82003354591628e-05,1.0409269028362663e-05,0.0002307600186516841
13,0.0032628256568083694,0.0032221219347169003,0.01,1.0,0.25,0.25,0.25,0.0032221219347169003,7.225593193046127e-05,1.014137372597664e-05,0.00016281488836587717
14,0.00324503637093585,0.0032123798970133065,0.01,1.0,0.25,0.25,0.25,0.0032123798970133065,7.136821732274256e-05,1.0138176427669048e-05,0.0001306258956901729
15,0.003180779861092257,0.0031443938302497068,0.01,1.0,0.25,0.25,0.25,0.0031443938302497068,7.051365391816944e-05,9.58564114625915e-06,0.0001455441233702004
16,0.003094078413172004,0.0030615476736178,0.01,1.0,0.25,0.25,0.25,0.0030615476736178,7.246273647372921e-05,9.787781921962354e-06,0.00013012295821681618
17,0.003050570242703543,0.003019455789277951,0.01,1.0,0.25,0.25,0.25,0.003019455789277951,7.149457475558544e-05,9.690313709143083e-06,0.0001244578137023685
18,0.003033818274100971,0.0030000888276845218,0.01,1.0,0.25,0.25,0.25,0.0030000888276845218,7.058490882627666e-05,1.0275979063104993e-05,0.00013491778566579644
19,0.0029920776765114472,0.0029576077746848264,0.01,1.0,0.25,0.25,0.25,0.0029576077746848264,6.932151494159674e-05,1.0657080808111157e-05,0.0001378796073064829
20,0.0029613739392516437,0.0029282539306829374,0.01,1.0,0.25,0.25,0.25,0.0029282539306829374,6.945410010909352e-05,1.081801801774418e-05,0.0001324800342748252
21,0.002963930029485103,0.0029328580169628066,0.01,1.0,0.25,0.25,0.25,0.0029328580169628066,6.932373435120098e-05,1.09423055012788e-05,0.0001242880500891867
22,0.0029585381787910594,0.002929476508870721,0.01,1.0,0.25,0.25,0.25,0.002929476508870721,6.849748194023656e-05,1.0943243736013148e-05,0.00011624667968135327
23,0.0029278005541224653,0.0028962692090620597,0.01,1.0,0.25,0.25,0.25,0.0028962692090620597,6.845264845954565e-05,1.1370042072182211e-05,0.00012612538024162252
24,0.002937703238785616,0.00290640442011257,0.01,1.0,0.25,0.25,0.25,0.00290640442011257,6.633819696920303e-05,1.1751118108804803e-05,0.000125195274692184
25,0.0029037422083395843,0.0028715073131024837,0.01,1.0,0.25,0.25,0.25,0.0028715073131024837,6.502517499029636e-05,1.1771096008790968e-05,0.00012893958094840248
26,0.002905882221602951,0.002877138927578926,0.01,1.0,0.25,0.25,0.25,0.002877138927578926,6.586194795090705e-05,1.1742845769428338e-05,0.00011497317609610036
27,0.002894300847280344,0.0028647993380824725,0.01,1.0,0.25,0.25,0.25,0.0028647993380824725,6.486428125451009e-05,1.2226048966113012e-05,0.0001180060367914848
28,0.0028581461217981998,0.002824931421006719,0.01,1.0,0.25,0.25,0.25,0.002824931421006719,6.317929558766386e-05,1.2217980474815704e-05,0.00013285880316592132
29,0.0028706543005682763,0.002840272895991802,0.01,1.0,0.25,0.25,0.25,0.002840272895991802,6.36741812437928e-05,1.2315324117177321e-05,0.00012152561830589548
30,0.002854621358468042,0.0028216378608097634,0.01,1.0,0.25,0.25,0.25,0.0028216378608097634,6.411923580647756e-05,1.2556760460332346e-05,0.00013193399063311518
31,0.002809145100036403,0.0027749531126270693,0.01,1.0,0.25,0.25,0.25,0.0027749531126270693,5.9881505876546726e-05,1.2673145223137302e-05,0.00013676794963733604
32,0.0028038700508962694,0.002769963815808296,0.01,1.0,0.25,0.25,0.25,0.002769963815808296,6.126683874754235e-05,1.2529161176644266e-05,0.0001356249403518935
33,0.0028066780218068744,0.002773787345116337,0.01,1.0,0.25,0.25,0.25,0.002773787345116337,5.9261586284264925e-05,1.281161518515243e-05,0.0001315627067621487
34,0.0027578977792776034,0.002718679824223121,0.01,1.0,0.25,0.25,0.25,0.002718679824223121,5.5826247019770867e-05,1.2827636965084821e-05,0.00015687182021792979
35,0.0027378140825021547,0.0027015584520995615,0.01,1.0,0.25,0.25,0.25,0.0027015584520995615,5.879382151761092e-05,1.2884801374942375e-05,0.00014502252161037178
36,0.0026981637898037055,0.0026626416947692633,0.01,1.0,0.25,0.25,0.25,0.0026626416947692633,5.264425344648771e-05,1.2602095739566722e-05,0.00014208838013776888
37,0.002687705088950073,0.002653113706037402,0.01,1.0,0.25,0.25,0.25,0.002653113706037402,5.224575749404418e-05,1.2799834560913344e-05,0.0001383655316506823
38,0.0026651607195769126,0.0026292997878044843,0.01,1.0,0.25,0.25,0.25,0.0026292997878044843,5.160760071400243e-05,1.2864761265518609e-05,0.00014344372708971302
39,0.002614885661265968,0.0025686444714665413,0.01,1.0,0.25,0.25,0.25,0.0025686444714665413,4.971193169088413e-05,1.3916043462813832e-05,0.00018496475919770698
40,0.0025807877190042443,0.0025437123452623687,0.01,1.0,0.25,0.25,0.25,0.0025437123452623687,4.9867636941295736e-05,1.3201423583571643e-05,0.00014830149496750285
41,0.0025863708195781026,0.0025518887986739477,0.01,1.0,0.25,0.25,0.25,0.0025518887986739477,4.591621861133414e-05,1.3013510094121253e-05,0.0001379280836166193
42,0.002498630990885431,0.002459020959213376,0.01,1.0,0.25,0.25,0.25,0.002459020959213376,4.494472026029446e-05,1.3153141723402466e-05,0.0001584401266882196
43,0.0025068921255297027,0.0024730293701092404,0.01,1.0,0.25,0.25,0.25,0.0024730293701092404,4.252496376769462e-05,1.2986828551220242e-05,0.00013545102168185016
44,0.0024672986277437304,0.0024365770009656747,0.01,1.0,0.25,0.25,0.25,0.0024365770009656747,4.00270996275746e-05,1.3193252925702836e-05,0.00012288650711222242
45,0.002418482461750197,0.002387562533840537,0.01,1.0,0.25,0.25,0.25,0.002387562533840537,3.8717823796711553e-05,1.3244044869982948e-05,0.00012367971163863937
46,0.002369138539749353,0.0023383849455664556,0.01,1.0,0.25,0.25,0.25,0.0023383849455664556,3.6402304976945744e-05,1.3085530432969487e-05,0.00012301437673158943
47,0.0023225491530562675,0.0022968369846542674,0.01,1.0,0.25,0.25,0.25,0.0022968369846542674,3.4369295341700005e-05,1.3504262278729584e-05,0.00010284867360799884
48,0.002264344342984259,0.0022388588016231856,0.01,1.0,0.25,0.25,0.25,0.0022388588016231856,3.0140368107822723e-05,1.3550660696637351e-05,0.00010194216544429461
49,0.0022483736490054675,0.0022243451327085494,0.01,1.0,0.25,0.25,0.25,0.0022243451327085494,3.03378362635461e-05,1.4047825485855962e-05,9.611406518767277e-05
50,0.0022162833987143435,0.002195035650705298,0.01,1.0,0.25,0.25,0.25,0.002195035650705298,2.6322419459271865e-05,1.3941114775661845e-05,8.499099203618243e-05
51,0.0021514296475894906,0.002131755091249943,0.01,1.0,0.25,0.25,0.25,0.002131755091249943,2.542495070277558e-05,1.4288151699778003e-05,7.869822535819063e-05
52,0.0021178993106029036,0.002099953421081106,0.01,1.0,0.25,0.25,0.25,0.002099953421081106,2.3278911612578668e-05,1.4489909760110702e-05,7.178355808719061e-05
53,0.002069301058872952,0.0020522722198317448,0.01,1.0,0.25,0.25,0.25,0.0020522722198317448,2.0792467815529865e-05,1.4533195947781982e-05,6.811535616482919e-05
54,0.0020695403649369838,0.002055040824537476,0.01,1.0,0.25,0.25,0.25,0.002055040824537476,1.8997293591382913e-05,1.4926967075249802e-05,5.79981615980311e-05
55,0.002028303527004027,0.002013531963651379,0.01,1.0,0.25,0.25,0.25,0.002013531963651379,1.766256924990254e-05,1.5376733669351474e-05,5.9086253410593294e-05
56,0.0019998840248566315,0.0019867284533878165,0.01,1.0,0.25,0.25,0.25,0.0019867284533878165,1.6491987056118283e-05,1.5208652621367947e-05,5.262228587525897e-05
57,0.0019773675293739265,0.0019637228610614936,0.01,1.0,0.25,0.25,0.25,0.0019637228610614936,1.4538064957984413e-05,1.5945947901248776e-05,5.457867324973146e-05
58,0.0019312949869345175,0.0019182151571537057,0.01,1.0,0.25,0.25,0.25,0.0019182151571537057,1.3666383407932396e-05,1.5491463636863044e-05,5.231931912324702e-05
59,0.0019451242048186639,0.0019335611956194042,0.01,1.0,0.25,0.25,0.25,0.0019335611956194042,1.2605127085407731e-05,1.591501010504241e-05,4.625203679703797e-05
60,0.0019104878167733356,0.0019001428969204425,0.01,1.0,0.25,0.25,0.25,0.0019001428969204425,1.1552408856611389e-05,1.5865373279666527e-05,4.137967941157209e-05
61,0.001897175619948636,0.0018878465673575799,0.01,1.0,0.25,0.25,0.25,0.0018878465673575799,1.1010037087544334e-05,1.6064258610034206e-05,3.731621036422439e-05
62,0.0018831911416176202,0.001874855215040346,0.01,1.0,0.25,0.25,0.25,0.001874855215040346,1.0325098598210995e-05,1.60302651541618e-05,3.3343706309096885e-05
63,0.0018876388471653627,0.001880253564255933,0.01,1.0,0.25,0.25,0.25,0.001880253564255933,1.0113776079379022e-05,1.6079380839073564e-05,2.954113163771884e-05
64,0.0018898623455849398,0.0018836193950846792,0.01,1.0,0.25,0.25,0.25,0.0018836193950846792,9.661490488118336e-06,1.6158746378399278e-05,2.4971802001042914e-05
65,0.0018481464371992236,0.0018414123837525646,0.01,1.0,0.25,0.25,0.25,0.0018414123837525646,8.880501536623341e-06,1.644220216500495e-05,2.6936213786636168e-05
66,0.001849151470620806,0.0018424485033998886,0.01,1.0,0.25,0.25,0.25,0.0018424485033998886,8.095151345817915e-06,1.6088291037400874e-05,2.6811868883669378e-05
67,0.0018424925381623325,0.0018356196970368424,0.01,1.0,0.25,0.25,0.25,0.0018356196970368424,7.956052437900022e-06,1.6142257603254014e-05,2.7491364501959955e-05
68,0.0018466202061063087,0.0018393294420093298,0.01,1.0,0.25,0.25,0.25,0.0018393294420093298,7.614812208582104e-06,1.5931871530483477e-05,2.9163056387915277e-05
69,0.001861454316591941,0.001854374073445797,0.01,1.0,0.25,0.25,0.25,0.001854374073445797,7.225026001833612e-06,1.6346726746026737e-05,2.8320972584576037e-05
70,0.0018471261923574882,0.0018411085242405535,0.01,1.0,0.25,0.25,0.25,0.0018411085242405535,6.844030485808616e-06,1.621077038483539e-05,2.407067246773901e-05
71,0.0018628141469586505,0.0018582187515373031,0.01,1.0,0.25,0.25,0.25,0.0018582187515373031,7.487457484482244e-06,1.5871264380014813e-05,1.8381581685389393e-05
72,0.0018575868254022984,0.001852697809226811,0.01,1.0,0.25,0.25,0.25,0.001852697809226811,6.9845804622066986e-06,1.5738084463616057e-05,1.9556064701949558e-05
73,0.0018396751023828984,0.0018349770844603578,0.01,1.0,0.25,0.25,0.25,0.0018349770844603578,6.621541251661256e-06,1.54251200001454e-05,1.8792071690162022e-05
74,0.0018364231122177444,0.0018303225748240947,0.01,1.0,0.25,0.25,0.25,0.0018303225748240947,6.291539042043344e-06,1.66268919808014e-05,2.4402149574598297e-05
75,0.0018173204271685487,0.001811066549271345,0.01,1.0,0.25,0.25,0.25,0.001811066549271345,5.819384584052993e-06,1.6112974299176132e-05,2.501551158881436e-05
76,0.0018431781695350462,0.0018358776345849038,0.01,1.0,0.25,0.25,0.25,0.0018358776345849038,5.599181743794664e-06,1.534830104598465e-05,2.9202139800569663e-05
77,0.001833743929000775,0.0018270077571893731,0.01,1.0,0.25,0.25,0.25,0.0018270077571893731,5.5771127942231635e-06,1.5010112777720981e-05,2.6944687245607687e-05
78,0.0017966245913460929,0.001791316457092762,0.01,1.0,0.25,0.25,0.25,0.001791316457092762,5.597743832671161e-06,1.549751887068851e-05,2.1232537013323356e-05
79,0.0018023252221307,0.0017969606987511119,0.01,1.0,0.25,0.25,0.25,0.0017969606987511119,5.359970509744017e-06,1.4955440747144166e-05,2.1458093518352445e-05
80,0.0017969301078665013,0.0017915786243975162,0.01,1.0,0.25,0.25,0.25,0.0017915786243975162,5.17868165843538e-06,1.5081869908802522e-05,2.1405933875939808e-05
81,0.0017906664866131905,0.0017846600618213414,0.01,1.0,0.25,0.25,0.25,0.0017846600618213414,5.010442979861788e-06,1.5140665588357176e-05,2.4025699167395943e-05
82,0.0017743676776262873,0.001768349491370221,0.01,1.0,0.25,0.25,0.25,0.001768349491370221,4.7857480088471975e-06,1.4915989595465362e-05,2.407274502426541e-05
83,0.0017866126396863062,0.0017806584248319269,0.01,1.0,0.25,0.25,0.25,0.0017806584248319269,4.95203495726552e-06,1.4753128198208287e-05,2.381685941751736e-05
84,0.001794662765890583,0.0017889819185559948,0.01,1.0,0.25,0.25,0.25,0.0017889819185559948,4.820320479363242e-06,1.4589878446713556e-05,2.2723389338352718e-05
85,0.0017910891826735072,0.0017858234389374653,0.01,1.0,0.25,0.25,0.25,0.0017858234389374653,4.973497546719349e-06,1.486497694713762e-05,2.106297494416746e-05
86,0.001799576566190808,0.0017950799859439333,0.01,1.0,0.25,0.25,0.25,0.0017950799859439333,5.033873867432703e-06,1.4712445287538381e-05,1.798632098749901e-05
87,0.001790696742743118,0.0017855675580600897,0.01,1.0,0.25,0.25,0.25,0.0017855675580600897,4.659162626315568e-06,1.4641216572878572e-05,2.0516738732112572e-05
88,0.0017851242196532742,0.0017788992573817572,0.01,1.0,0.25,0.25,0.25,0.0017788992573817572,4.297774845933115e-06,1.4270865297779286e-05,2.4899849086068572e-05
89,0.0017862153934098993,0.0017795929607624808,0.01,1.0,0.25,0.25,0.25,0.0017795929607624808,4.333651061945905e-06,1.4626639252431536e-05,2.6489730589673855e-05
90,0.0017603245583207657,0.0017533587602277597,0.01,1.0,0.25,0.25,0.25,0.0017533587602277597,3.954067536445412e-06,1.4189972353051416e-05,2.786319237202406e-05
91,0.0017598536932685723,0.0017525135461861888,0.01,1.0,0.25,0.25,0.25,0.0017525135461861888,3.8510593337074775e-06,1.4370374507658805e-05,2.9360588329533735e-05
92,0.0017804341990389123,0.0017747317130366962,0.01,1.0,0.25,0.25,0.25,0.0017747317130366962,4.327337107194277e-06,1.4059774305981895e-05,2.2809944008865084e-05
93,0.0017615734622874395,0.001755986890445153,0.01,1.0,0.25,0.25,0.25,0.001755986890445153,4.157695093454094e-06,1.3360892808123026e-05,2.2346287369146012e-05
94,0.0017706782313325676,0.0017643736364940802,0.01,1.0,0.25,0.25,0.25,0.0017643736364940802,4.0204009868224e-06,1.361260856356239e-05,2.5218379353949178e-05
95,0.0017499734340162831,0.001743565515304605,0.01,1.0,0.25,0.25,0.25,0.001743565515304605,3.95346147949264e-06,1.3904920342611149e-05,2.563167484671188e-05
96,0.0017323147368188073,0.001724471803754568,0.01,1.0,0.25,0.25,0.25,0.001724471803754568,3.5067736613806724e-06,1.3749196962938489e-05,3.137173225695733e-05
97,0.0017380174677176304,0.001729985986215373,0.01,1.0,0.25,0.25,0.25,0.001729985986215373,3.4622614293766675e-06,1.359779877626958e-05,3.2125926009030084e-05
98,0.0017435778222231117,0.001735005791609486,0.01,1.0,0.25,0.25,0.25,0.001735005791609486,3.406537340803576e-06,1.3314047828316689e-05,3.428812245450293e-05
99,0.0017613014555536211,0.0017532468074932695,0.01,1.0,0.25,0.25,0.25,0.0017532468074932695,3.5063669353500398e-06,1.3208283113878376e-05,3.221859224140644e-05
100,0.0017804109148528368,0.0017737626408537229,0.01,1.0,0.25,0.25,0.25,0.0017737626408537229,3.669691871740118e-06,1.3487496592764122e-05,2.659309599645591e-05
101,0.0017504569056048544,0.0017441776736328999,0.01,1.0,0.25,0.25,0.25,0.0017441776736328999,3.6482790771212118e-06,1.3124763184653905e-05,2.5116927887817533e-05
102,0.00173157501027769,0.0017253562342375516,0.01,1.0,0.25,0.25,0.25,0.0017253562342375516,3.6196870799661458e-06,1.3094865122790604e-05,2.4875104160552533e-05
103,0.001736330035055289,0.0017298167028153937,0.01,1.0,0.25,0.25,0.25,0.0017298167028153937,3.5716077036340723e-06,1.3014121335193824e-05,2.6053328959581752e-05
104,0.0017323977387604828,0.001724966149777174,0.01,1.0,0.25,0.25,0.25,0.001724966149777174,3.22736733930166e-06,1.2830029299948365e-05,2.9726355933235027e-05
105,0.0017465098320826656,0.0017394843278452754,0.01,1.0,0.25,0.25,0.25,0.0017394843278452754,3.3408490253350465e-06,1.3131773327283251e-05,2.8102016949560492e-05
106,0.0017546081798476129,0.0017474920954555274,0.01,1.0,0.25,0.25,0.25,0.0017474920954555274,3.2968017724973227e-06,1.3054987781894549e-05,2.8464337568342064e-05
107,0.0017470508340920788,0.0017396100563928484,0.01,1.0,0.25,0.25,0.25,0.0017396100563928484,3.324349002771972e-06,1.272385325137293e-05,2.9763110796920954e-05
108,0.0017286689881984784,0.0017210559531425436,0.01,1.0,0.25,0.25,0.25,0.0017210559531425436,3.174914066524555e-06,1.2871845016585819e-05,3.0452140223739357e-05
109,0.0017528488930111052,0.001744847969772915,0.01,1.0,0.25,0.25,0.25,0.001744847969772915,3.1719686679328635e-06,1.2746943199696641e-05,3.2003692952760804e-05
110,0.0017465129121774225,0.0017389333806931973,0.01,1.0,0.25,0.25,0.25,0.0017389333806931973,3.0840247821591523e-06,1.287601129054868e-05,3.0318125936901197e-05
111,0.0017194711175155437,0.001712571883884569,0.01,1.0,0.25,0.25,0.25,0.001712571883884569,3.1574185868521456e-06,1.2496060965834962e-05,2.7596934523899107e-05
112,0.0017304830833078692,0.0017232744954526424,0.01,1.0,0.25,0.25,0.25,0.0017232744954526424,3.1040481189847924e-06,1.260561863697755e-05,2.8834351420906994e-05
113,0.0017361603188570977,0.0017287048899258177,0.01,1.0,0.25,0.25,0.25,0.0017287048899258177,3.0196721885052585e-06,1.2145387396837274e-05,2.9821715725120156e-05
114,0.0017194182958822541,0.0017116146550203363,0.01,1.0,0.25,0.25,0.25,0.0017116146550203363,2.9578193789348005e-06,1.2632497479595865e-05,3.1214563447671634e-05
115,0.0017261706335072327,0.0017177997545028726,0.01,1.0,0.25,0.25,0.25,0.0017177997545028726,2.8923130533560957e-06,1.2686711367374906e-05,3.348351601744071e-05
116,0.0017108925617624966,0.001702585956081748,0.01,1.0,0.25,0.25,0.25,0.001702585956081748,2.818642193839575e-06,1.2445319407561329e-05,3.322642272299466e-05
117,0.0017252475547744931,0.001716953042584161,0.01,1.0,0.25,0.25,0.25,0.001716953042584161,2.6968257316184463e-06,1.2371038064884487e-05,3.317804876132868e-05
118,0.0016958450396790188,0.0016883087499688068,0.01,1.0,0.25,0.25,0.25,0.0016883087499688068,2.8658454842419206e-06,1.1723332014904979e-05,3.0145158840847824e-05
119,0.001716551498005477,0.0017076361536358794,0.01,1.0,0.25,0.25,0.25,0.0017076361536358794,2.768250245329303e-06,1.2437877376214602e-05,3.5661377478390935e-05
120,0.0017189224858157105,0.0017105602116013567,0.01,1.0,0.25,0.25,0.25,0.0017105602116013567,2.9345221340311887e-06,1.1776582020199082e-05,3.344909685741489e-05
121,0.0017102092429619612,0.0017014023149386048,0.01,1.0,0.25,0.25,0.25,0.0017014023149386048,2.715099844863289e-06,1.2183888429717626e-05,3.522771209342561e-05
122,0.0016956989545784988,0.0016881151668106517,0.01,1.0,0.25,0.25,0.25,0.0016881151668106517,2.6764971759500137e-06,1.1892279144376516e-05,3.0335151071388584e-05
123,0.0017296405565502937,0.001722437407200535,0.01,1.0,0.25,0.25,0.25,0.001722437407200535,2.9042816701500367e-06,1.1962966709688772e-05,2.8812597399034227e-05
124,0.0017105208855961488,0.0017023566567028563,0.01,1.0,0.25,0.25,0.25,0.0017023566567028563,2.703852518000834e-06,1.2061771243073356e-05,3.265691557317041e-05
125,0.0017293764791247667,0.0017209955646346013,0.01,1.0,0.25,0.25,0.25,0.0017209955646346013,2.6839853414154884e-06,1.1928947727331736e-05,3.3523657960662e-05
126,0.0017470405031417614,0.0017383086184660594,0.01,1.0,0.25,0.25,0.25,0.0017383086184660594,2.694724177369305e-06,1.188001594224867e-05,3.4927538702807696e-05
127,0.0017145630720127277,0.0017069443206613262,0.01,1.0,0.25,0.25,0.25,0.0017069443206613262,2.725608654448782e-06,1.1631483539531473e-05,3.047500540560577e-05
128,0.00170786424526644,0.0017000613113244375,0.01,1.0,0.25,0.25,0.25,0.0017000613113244375,2.6892949790635613e-06,1.1552033780996377e-05,3.121173576801084e-05
129,0.0017205232768295294,0.0017130578557650248,0.01,1.0,0.25,0.25,0.25,0.0017130578557650248,2.5761841015992104e-06,1.12176073040852e-05,2.986168425801831e-05
130,0.0017124750437687909,0.0017054965253919363,0.01,1.0,0.25,0.25,0.25,0.0017054965253919363,2.7097179933358956e-06,1.1676422582240776e-05,2.7914073507417923e-05
131,0.0017203175117477562,0.0017142877137909334,0.01,1.0,0.25,0.25,0.25,0.0017142877137909334,2.838936537348976e-06,1.1310295606866324e-05,2.4119191827291313e-05
132,0.0017218241085780997,0.0017160171720509729,0.01,1.0,0.25,0.25,0.25,0.0017160171720509729,2.981044599437155e-06,1.1626270679698792e-05,2.3227746108508048e-05
133,0.0017186763429890561,0.0017120110724742213,0.01,1.0,0.25,0.25,0.25,0.0017120110724742213,2.7828393588909725e-06,1.1887226476877306e-05,2.6661082059339e-05
134,0.001727699120813971,0.001720410049892962,0.01,1.0,0.25,0.25,0.25,0.001720410049892962,2.7494447067510917e-06,1.1395913982899705e-05,2.9156283684036074e-05
135,0.0017231905524567992,0.001716666016727686,0.01,1.0,0.25,0.25,0.25,0.001716666016727686,2.669587130791721e-06,1.1374527336253474e-05,2.6098142916453072e-05
136,0.0017376157079221836,0.001731594535522163,0.01,1.0,0.25,0.25,0.25,0.001731594535522163,2.8042098695853687e-06,1.1504050780786201e-05,2.4084689600082734e-05
137,0.0017380012642206565,0.0017322044741983214,0.01,1.0,0.25,0.25,0.25,0.0017322044741983214,2.8964298053324455e-06,1.1291880582575686e-05,2.318716008934037e-05
138,0.0017267149247951845,0.0017200413160026074,0.01,1.0,0.25,0.25,0.25,0.0017200413160026074,2.6818277471344723e-06,1.1146684422177107e-05,2.6694435170308377e-05
139,0.00170366709968827,0.0016970306867733597,0.005,1.0,0.25,0.25,0.25,0.0016970306867733597,2.6352549639341306e-06,1.1232294188327311e-05,2.6545651659641106e-05
140,0.0017197540346690706,0.001712857186794281,0.005,1.0,0.25,0.25,0.25,0.001712857186794281,2.59023075462513e-06,1.0959232652870317e-05,2.7587391499158306e-05
141,0.0017048896793312451,0.0016980691968152921,0.005,1.0,0.25,0.25,0.25,0.0016980691968152921,2.3997964869219382e-06,1.1316853669995907e-05,2.728193006381237e-05
142,0.0017052738997942166,0.0016982966956372062,0.005,1.0,0.25,0.25,0.25,0.0016982966956372062,2.5358172858129063e-06,1.0959265637211502e-05,2.7908816628041676e-05
143,0.001712897767265531,0.001705905057800313,0.005,1.0,0.25,0.25,0.25,0.001705905057800313,2.4463106607678734e-06,1.1335512499499601e-05,2.7970837860872657e-05
144,0.0017019636174154585,0.0016952831608553728,0.005,1.0,0.25,0.25,0.25,0.0016952831608553728,2.473237282174523e-06,1.1171704924587781e-05,2.6721826240342732e-05
145,0.0016860935120045421,0.0016793124688168368,0.005,1.0,0.25,0.25,0.25,0.0016793124688168368,2.524932195531922e-06,1.0999989778307887e-05,2.7124172750821646e-05
146,0.0016674407873930855,0.001660531930004557,0.005,1.0,0.25,0.25,0.25,0.001660531930004557,2.381582582226353e-06,1.11120227908638e-05,2.7635429554114428e-05
147,0.0017052315927685413,0.0016984135999033847,0.005,1.0,0.25,0.25,0.25,0.0016984135999033847,2.4748468907394755e-06,1.11439717632796e-05,2.727197146062584e-05
148,0.001710053369151865,0.0017026985296979547,0.005,1.0,0.25,0.25,0.25,0.0017026985296979547,2.4287160385938477e-06,1.1058664858865086e-05,2.941935781564098e-05
149,0.001709599910312439,0.0017028053213531773,0.005,1.0,0.25,0.25,0.25,0.0017028053213531773,2.507998389470837e-06,1.1026162125441867e-05,2.717835583704679e-05
150,0.0016949373759113466,0.0016880510607734322,0.005,1.0,0.25,0.25,0.25,0.0016880510607734322,2.423996981330371e-06,1.1192145575478207e-05,2.7545260551657216e-05
151,0.0016923825676106693,0.0016856730139503877,0.005,1.0,0.25,0.25,0.25,0.0016856730139503877,2.4278298800102976e-06,1.1339842239976861e-05,2.6838214641126493e-05
152,0.0017142632726063311,0.0017075638674820463,0.005,1.0,0.25,0.25,0.25,0.0017075638674820463,2.560679619515819e-06,1.0705838030844462e-05,2.679762049713948e-05
153,0.0017011879673494454,0.0016940600161130229,0.005,1.0,0.25,0.25,0.25,0.0016940600161130229,2.4522591274944714e-06,1.1115979699146313e-05,2.8511804945689315e-05
154,0.001705391086943564,0.0016983557880545655,0.005,1.0,0.25,0.25,0.25,0.0016983557880545655,2.4832451875530146e-06,1.1124731160331673e-05,2.8141195555993667e-05
155,0.0017016366317572343,0.0016943670343607664,0.005,1.0,0.25,0.25,0.25,0.0016943670343607664,2.4333447224004584e-06,1.1317559801682364e-05,2.907838958587187e-05
156,0.0017139911559449197,0.0017068504511068264,0.005,1.0,0.25,0.25,0.25,0.0017068504511068264,2.4426428202180733e-06,1.0818058187093509e-05,2.856281935237348e-05
157,0.0017031935375901716,0.0016965690301731229,0.005,1.0,0.25,0.25,0.25,0.0016965690301731229,2.5193534762972075e-06,1.1083053626255909e-05,2.6498029668194553e-05
158,0.0017090449894870592,0.0017022994036475817,0.005,1.0,0.25,0.25,0.25,0.0017022994036475817,2.5451171192495774e-06,1.075926065823296e-05,2.698234335791009e-05
159,0.001699757282979893,0.001693362339089314,0.005,1.0,0.25,0.25,0.25,0.001693362339089314,2.4962522881348073e-06,1.0708952565134193e-05,2.557977556231587e-05
160,0.0017029695837057564,0.0016960208925108115,0.005,1.0,0.25,0.25,0.25,0.0016960208925108115,2.473639225778849e-06,1.102580523972089e-05,2.779476477977975e-05
161,0.001699554168923593,0.0016926621630166969,0.005,1.0,0.25,0.25,0.25,0.0016926621630166969,2.4703802637304763e-06,1.0914114985401588e-05,2.7568023627585112e-05
162,0.0016909867800677602,0.0016834834900995095,0.005,1.0,0.25,0.25,0.25,0.0016834834900995095,2.3755790759120527e-06,1.081754150315343e-05,3.001315987300283e-05
163,0.0017007981042903946,0.0016933774808421732,0.005,1.0,0.25,0.25,0.25,0.0016933774808421732,2.3729685532695536e-06,1.0890141220443184e-05,2.9682493792885604e-05
164,0.0016988460250104253,0.0016912762463713686,0.005,1.0,0.25,0.25,0.25,0.0016912762463713686,2.354674537248987e-06,1.1040411269884013e-05,3.027911455622719e-05
165,0.0016930531569111433,0.0016852994837487738,0.005,1.0,0.25,0.25,0.25,0.0016852994837487738,2.4315124164786537e-06,1.0888073332656252e-05,3.1014692649478096e-05
166,0.001709435730814827,0.0017009155203898747,0.005,1.0,0.25,0.25,0.25,0.0017009155203898747,2.344266575467676e-06,1.0754031851926508e-05,3.408084169980915e-05
167,0.001701925148548374,0.0016945858408386508,0.0025,1.0,0.25,0.25,0.25,0.0016945858408386508,2.3957875707007283e-06,1.0862122447482155e-05,2.9357230838892672e-05
168,0.00169131523531784,0.0016841099442293248,0.0025,1.0,0.25,0.25,0.25,0.0016841099442293248,2.523942733508496e-06,1.079902770773818e-05,2.8821164354061086e-05
169,0.0016950064674044066,0.0016881226484353343,0.0025,1.0,0.25,0.25,0.25,0.0016881226484353343,2.4251965593672748e-06,1.0848970547764718e-05,2.7535275876289234e-05
170,0.0016878733578172009,0.0016808477463200687,0.0025,1.0,0.25,0.25,0.25,0.0016808477463200687,2.4107978636796663e-06,1.0647458293533418e-05,2.810244598852781e-05
171,0.0016894558479483143,0.001682301292506357,0.0025,1.0,0.25,0.25,0.25,0.001682301292506357,2.3672774811226797e-06,1.0932243155063285e-05,2.86182217678288e-05
172,0.0017041141083609546,0.001697350883235534,0.0025,1.0,0.25,0.25,0.25,0.001697350883235534,2.4335265455495877e-06,1.0628158634062856e-05,2.7052900501682114e-05
173,0.0017104480380112363,0.0017038342698166768,0.0025,1.0,0.25,0.25,0.25,0.0017038342698166768,2.508083518174923e-06,1.0819554760625276e-05,2.6455072778238294e-05
174,0.0017118479414421016,0.0017055252178882559,0.0025,1.0,0.25,0.25,0.25,0.0017055252178882559,2.5257308758834068e-06,1.0692379085715704e-05,2.5290894215383256e-05
175,0.0017051357745306935,0.0016991344435761371,0.0025,1.0,0.25,0.25,0.25,0.0016991344435761371,2.6470130023881213e-06,1.0444487543281866e-05,2.4005323818225104e-05
176,0.0016878147938768962,0.0016816332237794996,0.0025,1.0,0.25,0.25,0.25,0.0016816332237794996,2.591840726987963e-06,1.0622890537585286e-05,2.4726280389586464e-05
177,0.001695615455355437,0.0016893227274219194,0.0025,1.0,0.25,0.25,0.25,0.0016893227274219194,2.515171551446353e-06,1.0526881305850111e-05,2.5170911734070008e-05
178,0.0016845093996077291,0.0016781953473885855,0.0025,1.0,0.25,0.25,0.25,0.0016781953473885855,2.528385706076127e-06,1.0630553606461036e-05,2.525620887657472e-05
179,0.0017015525349961536,0.0016946973123898109,0.0025,1.0,0.25,0.25,0.25,0.0016946973123898109,2.4823363143392877e-06,1.0602868254257677e-05,2.7420890425370696e-05
180,0.0016995715178078777,0.0016930297870809833,0.0025,1.0,0.25,0.25,0.25,0.0016930297870809833,2.4531717902694556e-06,1.0754183009945944e-05,2.6166922907577828e-05
181,0.0017042918512743198,0.0016977731293688217,0.0025,1.0,0.25,0.25,0.25,0.0016977731293688217,2.5151389687986616e-06,1.060675867847749e-05,2.6074887621992578e-05
182,0.0016813234377877962,0.0016748009637619057,0.0025,1.0,0.25,0.25,0.25,0.0016748009637619057,2.455140800824059e-06,1.0732589059140689e-05,2.6089896103561235e-05
183,0.001696423415736111,0.001689956112143894,0.0025,1.0,0.25,0.25,0.25,0.001689956112143894,2.4342440307615713e-06,1.0837108675332274e-05,2.5869214368867688e-05
184,0.0016872611369156707,0.0016807068061704437,0.0025,1.0,0.25,0.25,0.25,0.0016807068061704437,2.4661291642284294e-06,1.0417246994620654e-05,2.6217322980907434e-05
185,0.0016741447024287482,0.0016675528526927034,0.0025,1.0,0.25,0.25,0.25,0.0016675528526927034,2.4296561984253155e-06,1.08021258104903e-05,2.6367398944178907e-05
186,0.0016831430741755563,0.0016763833196212848,0.0025,1.0,0.25,0.25,0.25,0.0016763833196212848,2.448277587063785e-06,1.0715780869456163e-05,2.703901821708617e-05
187,0.0016886203199950008,0.0016818932335202893,0.0025,1.0,0.25,0.25,0.25,0.0016818932335202893,2.4739789902620637e-06,1.0577521243249066e-05,2.6908345898846164e-05
188,0.0016843202790369105,0.0016777780838310719,0.00125,1.0,0.25,0.25,0.25,0.0016777780838310719,2.4808040052448633e-06,1.0858059855915295e-05,2.616878082335461e-05
189,0.001696893486829746,0.001690376247279346,0.00125,1.0,0.25,0.25,0.25,0.001690376247279346,2.474910426523517e-06,1.07632004073821e-05,2.606895820160086e-05
190,0.001685840427853691,0.0016794292333846292,0.00125,1.0,0.25,0.25,0.25,0.0016794292333846292,2.5213710235523952e-06,1.0745290152650947e-05,2.564477787624734e-05
191,0.0016858863288992628,0.0016794446545342603,0.00125,1.0,0.25,0.25,0.25,0.0016794446545342603,2.4763280407569256e-06,1.0875443937644983e-05,2.5766697460009404e-05
192,0.0016879306953645331,0.0016816391531998913,0.00125,1.0,0.25,0.25,0.25,0.0016816391531998913,2.495376755481023e-06,1.0731098579223422e-05,2.5166168658567282e-05
193,0.0017017916035304856,0.0016955208188543717,0.00125,1.0,0.25,0.25,0.25,0.0016955208188543717,2.4586873754136226e-06,1.0616061141869674e-05,2.508313870445515e-05
194,0.0016945422273844694,0.0016882757811496655,0.00125,1.0,0.25,0.25,0.25,0.0016882757811496655,2.484721577881525e-06,1.0660149291652487e-05,2.506578493921552e-05
195,0.0016885367610787701,0.0016822261968627572,0.00125,1.0,0.25,0.25,0.25,0.0016822261968627572,2.4673332897388415e-06,1.0731223058731605e-05,2.5242256864051645e-05
196,0.0016855216859463932,0.0016792569619913896,0.00125,1.0,0.25,0.25,0.25,0.0016792569619913896,2.4899206133947396e-06,1.0628318583864409e-05,2.5058895820014488e-05
197,0.0016941788999853694,0.0016878481721505523,0.00125,1.0,0.25,0.25,0.25,0.0016878481721505523,2.4019586362555858e-06,1.0797782427592514e-05,2.5322911339268708e-05
198,0.001689003288568832,0.0016825450118631124,0.00125,1.0,0.25,0.25,0.25,0.0016825450118631124,2.4179104381497988e-06,1.0471012744043644e-05,2.58331068228775e-05
199,0.001695428861118368,0.0016890932805836202,0.00125,1.0,0.25,0.25,0.25,0.0016890932805836202,2.5104522743883233e-06,1.081639663122284e-05,2.5342322138991828e-05
200,0.0016873962426871003,0.0016812668880447745,0.00125,1.0,0.25,0.25,0.25,0.0016812668880447745,2.5321567212207204e-06,1.0380630798560258e-05,2.451741856930312e-05
